Company,Model,FuelType,Kilometer,ModelYear,Owner,Warranty,QualityScore,Price,CarAge
MARUTI SUZUKI,CELERIO(2017-2019),PETROL,33197,2018,1st Owner,1,7.8,575000,8
MARUTI SUZUKI,ALTO,PETROL,10322,2021,1st Owner,1,8.3,435000,5
HYUNDAI,GRAND I10,PETROL,37889,2015,1st Owner,1,7.9,470000,11
TATA,NEXON,PETROL,13106,2020,1st Owner,1,8.1,990000,6
FORD,FIGO,DIESEL,104614,2010,2nd Owner,0,7.5,270000,16
MERCEDES BENZ,E CLASS,DIESEL,87700,2013,3rd Owner,0,7.2,999000,13
VOLKSWAGEN,AMEO,DIESEL,70577,2017,1st Owner,1,7.9,675000,9
MARUTI SUZUKI,ERTIGA,PETROL,76259,2013,1st Owner,1,7.6,600000,13
MARUTI SUZUKI,SWIFT,PETROL,85000,2015,3rd Owner,0,7.4,480000,11
HYUNDAI,I10,PETROL,77000,2008,2nd Owner,0,7.2,240000,18
VOLKSWAGEN,AMEO,PETROL,29416,2018,1st Owner,1,8.1,650000,8
MARUTI SUZUKI,CELERIO,PETROL,64277,2017,2nd Owner,1,7.7,500000,9
HYUNDAI,CRETA(2018-2019),DIESEL,51078,2018,1st Owner,1,7.8,1135000,8
MARUTI SUZUKI,VITARA BREZZA,DIESEL,66535,2017,1st Owner,1,8.1,875000,9
MAHINDRA,XUV500,DIESEL,58422,2016,1st Owner,1,7.5,1350000,10
HONDA,JAZZ,PETROL,53377,2016,1st Owner,1,7.7,595000,10
HYUNDAI,GRAND I10,PETROL,19365,2019,1st Owner,1,7.9,675000,7
RENAULT,DUSTER,PETROL,42773,2017,1st Owner,1,7.7,755000,9
NISSAN,MICRA ACTIVE,PETROL,17511,2015,2nd Owner,1,8.1,410000,11
MARUTI SUZUKI,CELERIO,PETROL,48042,2016,2nd Owner,1,8.1,525000,10
MARUTI SUZUKI,CELERIO,PETROL,36914,2016,1st Owner,1,8.4,485000,10
MARUTI SUZUKI,SWIFT,PETROL,47892,2017,1st Owner,1,8.5,645000,9
JEEP,COMPASS,DIESEL,55779,2018,1st Owner,1,8.1,1545000,8
HYUNDAI,ELITE I20,PETROL,44291,2019,1st Owner,1,8.7,715000,7
NISSAN,TERRANO,PETROL,35421,2016,1st Owner,1,8,655000,10
FORD,FIESTA(2008-2011),DIESEL,139196,2010,1st Owner,0,0,235000,16
HYUNDAI,XCENT,PETROL,61040,2015,1st Owner,1,8.2,555000,11
HONDA,BRIO,PETROL,67935,2013,1st Owner,0,7.8,375000,13
HYUNDAI,ELITE I20,PETROL,34580,2017,2nd Owner,1,8.2,620000,9
HYUNDAI,VERNA,DIESEL,172469,2008,2nd Owner,0,6.3,275000,18
MAHINDRA,XUV500,DIESEL,67147,2014,1st Owner,1,7.2,950000,12
TATA,TIAGO,PETROL,66837,2018,2nd Owner,1,8.3,530000,8
HONDA,JAZZ,PETROL,63578,2017,2nd Owner,1,7.9,620000,9
HYUNDAI,GRAND I10,PETROL,30959,2017,1st Owner,1,8.2,625000,9
HONDA,WR V,PETROL,54174,2017,1st Owner,1,8.3,825000,9
MARUTI SUZUKI,BALENO,PETROL,27701,2018,1st Owner,1,8.6,760000,8
FORD,FIGO,PETROL,54127,2016,2nd Owner,1,8,495000,10
FIAT,GRAND PUNTO,DIESEL,103000,2014,1st Owner,0,7.7,455000,12
FORD,FIGO,DIESEL,53490,2012,1st Owner,0,7.7,345000,14
MARUTI SUZUKI,SWIFT,PETROL,23768,2018,1st Owner,1,8.7,675000,8
HYUNDAI,EON,PETROL,57834,2015,2nd Owner,1,8.1,335000,11
HYUNDAI,I20 ACTIVE,PETROL,32321,2017,2nd Owner,1,7.9,680000,9
HYUNDAI,GRAND I10,PETROL,33975,2014,1st Owner,1,8,515000,12
FORD,ECOSPORT,DIESEL,70183,2014,2nd Owner,0,7.2,595000,12
FORD,FIGO,DIESEL,69220,2011,2nd Owner,0,7.3,315000,15
VOLKSWAGEN,POLO,DIESEL,50392,2013,2nd Owner,0,7.3,515000,13
MAHINDRA,XUV500,DIESEL,104318,2014,2nd Owner,0,6.7,850000,12
MAHINDRA,XUV500(2011_2015),DIESEL,93400,2014,2nd Owner,0,6.7,890000,12
NISSAN,MICRA,PETROL,66258,2011,1st Owner,0,7.5,295000,15
MARUTI SUZUKI,BALENO,PETROL,52386,2017,1st Owner,1,8.4,730000,9
TOYOTA,FORTUNER,DIESEL,127574,2014,1st Owner,0,6.8,1775000,12
MARUTI SUZUKI,SWIFT,DIESEL,32909,2018,1st Owner,1,8.2,775000,8
MARUTI SUZUKI,SWIFT DZIRE,PETROL,29723,2018,1st Owner,1,8.5,735000,8
RENAULT,KWID(2015_2019),PETROL,26642,2016,2nd Owner,1,8,420000,10
HYUNDAI,GRAND I10(2017-2020),PETROL,16806,2018,1st Owner,1,8.5,610000,8
HYUNDAI,GRAND I10,PETROL,36735,2018,1st Owner,1,8.4,625000,8
HONDA,AMAZE,PETROL,44043,2015,1st Owner,1,7.8,565000,11
HONDA,JAZZ,PETROL,64046,2016,1st Owner,1,8,585000,10
HYUNDAI,ELITE I20,PETROL,25655,2019,1st Owner,1,8.5,785000,7
HYUNDAI,VERNA,DIESEL,84310,2015,1st Owner,1,7.4,695000,11
HONDA,AMAZE,PETROL,54859,2018,1st Owner,1,8.3,675000,8
HONDA,WR V,PETROL,51346,2018,1st Owner,1,8.1,875000,8
TATA,TIAGO,PETROL,60937,2019,1st Owner,1,8.4,610000,7
MARUTI SUZUKI,SWIFT DZIRE,PETROL,24121,2017,1st Owner,1,8.1,675000,9
HONDA,WR V,PETROL,35298,2019,1st Owner,1,8.2,885000,7
HYUNDAI,VENUE,PETROL,42138,2019,1st Owner,1,8.4,1075000,7
MARUTI SUZUKI,CELERIO,PETROL,50708,2015,2nd Owner,1,7.7,445000,11
MARUTI SUZUKI,ZEN ESTILO,PETROL,85211,2009,1st Owner,0,7.2,240000,17
TATA,TIGOR(2018-2020),DIESEL,13101,2018,1st Owner,1,8.4,625000,8
VOLKSWAGEN,POLO(2012-2014),DIESEL,75046,2013,1st Owner,0,7.4,475000,13
MAHINDRA,XUV500,DIESEL,59619,2014,1st Owner,1,7,895000,12
MAHINDRA,KUV100,PETROL,62001,2016,1st Owner,1,8.1,455000,10
FORD,FIGO(2012-2015),DIESEL,155000,2012,2nd Owner,0,6.8,275000,14
RENAULT,TRIBER,PETROL,20796,2019,1st Owner,1,8.6,725000,7
TATA,ALTROZ,PETROL,7779,2022,1st Owner,1,9,895000,4
HONDA,JAZZ,PETROL,39145,2015,1st Owner,1,7.5,625000,11
MARUTI SUZUKI,WAGON R 1.0,PETROL,62139,2018,1st Owner,1,8.4,550000,8
HONDA,CITY,PETROL,50130,2012,2nd Owner,0,6.4,549000,14
FORD,FIGO,PETROL,53230,2011,1st Owner,0,7.2,285000,15
KIA,SELTOS,PETROL,33227,2019,1st Owner,1,8.3,1400000,7
MARUTI SUZUKI,CELERIO X,PETROL,30588,2018,1st Owner,1,8.5,570000,8
MAHINDRA,XUV500,DIESEL,104000,2015,1st Owner,0,6.9,975000,11
VOLKSWAGEN,POLO,PETROL,62700,2021,1st Owner,1,8.1,875000,5
MAHINDRA,SCORPIO,DIESEL,133320,2018,1st Owner,0,7,1020000,8
MARUTI SUZUKI,BALENO,PETROL,50041,2017,1st Owner,1,8,735000,9
HYUNDAI,CRETA,PETROL,31516,2018,1st Owner,1,7.9,1275000,8
HYUNDAI,I20,PETROL,58437,2016,1st Owner,1,8.1,695000,10
HYUNDAI,I20,DIESEL,74960,2013,2nd Owner,0,7.2,475000,13
MARUTI SUZUKI,SWIFT,PETROL,49808,2021,1st Owner,1,8.5,750000,5
TATA,TIGOR,PETROL,32073,2018,1st Owner,1,8.4,645000,8
VOLKSWAGEN,AMEO,PETROL,33135,2016,1st Owner,1,8,595000,10
NISSAN,MICRA ACTIVE,PETROL,44515,2016,1st Owner,1,7.9,425000,10
FORD,FIGO ASPIRE,DIESEL,137388,2016,1st Owner,0,7.1,395000,10
MARUTI SUZUKI,SWIFT,PETROL,47129,2018,1st Owner,1,8.5,735000,8
HYUNDAI,I20,DIESEL,108000,2014,2nd Owner,0,7.1,495000,12
VOLKSWAGEN,POLO,PETROL,63088,2017,2nd Owner,1,7.6,900000,9
HYUNDAI,ELITE I20,PETROL,45607,2016,1st Owner,1,8,695000,10
FORD,ECOSPORT(2017-2019),DIESEL,63212,2018,1st Owner,1,7.9,985000,8
NISSAN,KICKS,PETROL,40924,2019,1st Owner,1,8.2,795000,7
HYUNDAI,SANTRO,PETROL,86140,2003,1st Owner,0,6.3,165000,23
MARUTI SUZUKI,S PRESSO,PETROL,3299,2022,1st Owner,1,9.2,595000,4
HYUNDAI,EON,PETROL,62467,2012,2nd Owner,0,7.5,275000,14
HYUNDAI,CRETA,PETROL,97335,2017,1st Owner,1,7.2,925000,9
FORD,ECOSPORT,PETROL,63264,2013,1st Owner,0,7,525000,13
TOYOTA,INNOVA CRYSTA,DIESEL,28031,2020,1st Owner,1,8.3,2275000,6
FORD,ECOSPORT,PETROL,76700,2015,2nd Owner,0,7.1,589000,11
NISSAN,MICRA,PETROL,61431,2011,1st Owner,0,7.3,295000,15
MAHINDRA,XUV300,DIESEL,17193,2021,1st Owner,1,8.8,1125000,5
HONDA,JAZZ,PETROL,49165,2017,1st Owner,1,8,685000,9
FORD,FIGO,PETROL,55950,2015,1st Owner,1,7.8,545000,11
FORD,ECOSPORT,PETROL,68778,2016,1st Owner,1,7.7,675000,10
MAHINDRA,KUV100,DIESEL,45815,2016,1st Owner,0,8,495000,10
MARUTI SUZUKI,SWIFT,PETROL,50159,2018,1st Owner,1,8.4,665000,8
HONDA,CITY,PETROL,48325,2014,1st Owner,0,7.1,750000,12
MARUTI SUZUKI,CIAZ,PETROL,25029,2019,1st Owner,1,8.4,900000,7
MAHINDRA,SCORPIO,DIESEL,195575,2015,1st Owner,0,5.5,895000,11
TATA,TIAGO,PETROL,20361,2019,2nd Owner,1,8.4,645000,7
MARUTI SUZUKI,SWIFT,PETROL,60642,2014,2nd Owner,1,7.6,535000,12
FORD,FIGO,DIESEL,122790,2013,2nd Owner,0,6.9,295000,13
MARUTI SUZUKI,SWIFT,PETROL,30728,2016,1st Owner,1,8,595000,10
RENAULT,KWID,PETROL,30279,2016,1st Owner,1,8.2,345000,10
BMW,X1(2010-2012),DIESEL,71653,2011,3rd Owner,0,5.7,850000,15
RENAULT,KWID,PETROL,24191,2018,1st Owner,1,8.5,495000,8
TATA,ALTROZ,PETROL,20153,2020,1st Owner,1,8.4,825000,6
RENAULT,KWID,PETROL,19126,2016,1st Owner,1,8.3,395000,10
MARUTI SUZUKI,RITZ,PETROL,60060,2012,2nd Owner,0,7.2,335000,14
MARUTI SUZUKI,CIAZ,PETROL,26416,2017,1st Owner,1,7.9,795000,9
HYUNDAI,EON,PETROL,56417,2016,1st Owner,0,8.1,290000,10
RENAULT,KWID,PETROL,28107,2016,2nd Owner,1,7.9,365000,10
MARUTI SUZUKI,CELERIO,PETROL,53488,2014,1st Owner,1,7.8,372000,12
TOYOTA,INNOVA CRYSTA,DIESEL,37180,2017,1st Owner,1,7.8,1750000,9
HONDA,AMAZE,PETROL,45529,2019,1st Owner,1,8.4,775000,7
MARUTI SUZUKI,S PRESSO,PETROL,42260,2022,1st Owner,1,8.8,500000,4
FORD,ECOSPORT(2021-2022),DIESEL,45400,2021,1st Owner,0,8.3,1085000,5
MARUTI SUZUKI,BALENO,PETROL,38966,2021,1st Owner,1,8.7,850000,5
TATA,NEXON,PETROL,53647,2018,1st Owner,1,8.3,825000,8
HONDA,JAZZ,PETROL,67650,2015,2nd Owner,0,7.5,545000,11
HYUNDAI,GRAND I10(2013-2017),PETROL,46767,2016,2nd Owner,1,7.9,595000,10
MARUTI SUZUKI,EECO,PETROL,55231,2017,1st Owner,1,8.2,425000,9
VOLKSWAGEN,AMEO,DIESEL,70336,2016,1st Owner,1,7.7,625000,10
KIA,CARENS,DIESEL,43253,2022,1st Owner,1,8.4,1790000,4
HYUNDAI,CRETA,PETROL,24468,2021,1st Owner,1,8.6,1425000,5
HYUNDAI,ELITE I20,PETROL,47615,2019,1st Owner,1,8.4,650000,7
HYUNDAI,ELITE I20,PETROL,34337,2017,1st Owner,1,8.1,700000,9
MAHINDRA,XYLO,DIESEL,116959,2014,1st Owner,0,6.8,475000,12
FORD,ECOSPORT,PETROL,94390,2016,1st Owner,0,7.3,585000,10
MARUTI SUZUKI,BALENO,PETROL,30149,2018,1st Owner,1,8.2,750000,8
RENAULT,DUSTER,PETROL,35599,2018,1st Owner,1,8,815000,8
FORD,ASPIRE,PETROL,36961,2015,1st Owner,1,7.8,495000,11
FORD,ASPIRE(2015_2018),PETROL,50130,2015,1st Owner,1,7.5,545000,11
HYUNDAI,CRETA,PETROL,54260,2021,1st Owner,1,8.3,1175000,5
MAHINDRA,BOLERO,DIESEL,82484,2018,1st Owner,1,7.7,885000,8
HYUNDAI,ELITE I20,PETROL,48899,2018,2nd Owner,1,8.1,830000,8
MARUTI SUZUKI,CELERIO,PETROL,47538,2017,1st Owner,0,8.3,545000,9
FORD,FIGO,PETROL,43563,2015,1st Owner,1,8,455000,11
DATSUN,GO,PETROL,37773,2017,1st Owner,1,8.4,345000,9
MARUTI SUZUKI,BALENO,PETROL,45216,2019,1st Owner,1,8.5,750000,7
TATA,TIAGO,PETROL,11951,2017,1st Owner,1,8.3,585000,9
HYUNDAI,I20,DIESEL,68017,2017,1st Owner,0,8.1,795000,9
TATA,TIAGO,PETROL,48928,2018,1st Owner,0,8.4,595000,8
MARUTI SUZUKI,RITZ,DIESEL,94675,2010,2nd Owner,0,6.9,345000,16
HYUNDAI,I20(2012-2014),PETROL,61207,2014,1st Owner,1,7.6,495000,12
FORD,ECOSPORT,DIESEL,52126,2017,2nd Owner,1,7.5,765000,9
RENAULT,KWID(2015_2019),PETROL,25351,2016,1st Owner,1,8.1,435000,10
MARUTI SUZUKI,CELERIO,PETROL,93544,2018,1st Owner,1,8,470000,8
HONDA,CITY,PETROL,48302,2017,1st Owner,1,7.6,700000,9
SKODA,RAPID,DIESEL,124654,2016,1st Owner,0,8.3,535000,10
MARUTI SUZUKI,CELERIO,PETROL,25823,2014,1st Owner,1,8,425000,12
MARUTI SUZUKI,WAGON R 1.0,PETROL,32079,2018,1st Owner,1,7.9,550000,8
MARUTI SUZUKI,CELERIO,PETROL,35379,2018,1st Owner,1,8.2,525000,8
MG,HECTOR PLUS(2021-2023),DIESEL,101,2022,1st Owner,1,8.3,2263000,4
MARUTI SUZUKI,SWIFT DZIRE,DIESEL,90535,2014,1st Owner,0,7.6,600000,12
JEEP,COMPASS,DIESEL,19550,2021,1st Owner,1,8,1900000,5
HYUNDAI,ALCAZAR(2021-2023),PETROL,7920,2022,1st Owner,1,8.1,1800000,4
HYUNDAI,VENUE,PETROL,45340,2021,1st Owner,1,8,950000,5
HYUNDAI,AURA,CNG,34866,2020,1st Owner,1,8.2,855000,6
HYUNDAI,ELANTRA,DIESEL,69165,2014,1st Owner,1,7.4,650000,12
MAHINDRA,XUV300,DIESEL,34937,2020,1st Owner,1,7.9,1251000,6
MARUTI SUZUKI,VITARA BREZZA,DIESEL,57868,2018,1st Owner,1,7.8,921000,8
HONDA,JAZZ,PETROL,10000,2021,1st Owner,0,7.9,991000,5
MAHINDRA,SCORPIO,DIESEL,110000,2014,2nd Owner,0,7.4,861000,12
MARUTI SUZUKI,SWIFT,PETROL,65000,2016,1st Owner,0,7.9,581000,10
VOLKSWAGEN,VENTO,DIESEL,80000,2014,2nd Owner,0,7.6,471000,12
HONDA,CITY ZX,PETROL,50000,2008,3rd Owner,0,6.8,255000,18
HYUNDAI,VERNA,PETROL,32115,2017,2nd Owner,1,7.7,750000,9
MARUTI SUZUKI,SWIFT DZIRE,DIESEL,79650,2018,1st Owner,1,8,775000,8
TOYOTA,ETIOS,PETROL,120000,2012,1st Owner,0,7.4,360000,14
MARUTI SUZUKI,S CROSS,DIESEL,21435,2017,1st Owner,1,7.6,825000,9
HYUNDAI,ELITE I20(2018-2019),DIESEL,73536,2019,1st Owner,1,7.9,800000,7
FORD,ECOSPORT,PETROL,60848,2019,1st Owner,1,7.8,775000,7
VOLKSWAGEN,TAIGUN,PETROL,24137,2021,1st Owner,1,8,1700000,5
MARUTI SUZUKI,WAGON R 1.0,PETROL,50000,2016,1st Owner,0,7.1,385000,10
VOLKSWAGEN,VENTO,PETROL,36531,2016,1st Owner,1,7.7,620000,10
HONDA,BRIO,PETROL,79640,2013,1st Owner,0,7,315000,13
HYUNDAI,I20,PETROL,80998,2013,1st Owner,1,6.4,450000,13
VOLKSWAGEN,POLO,PETROL,57377,2016,1st Owner,1,7.2,600000,10
TATA,TIAGO,CNG,25620,2022,1st Owner,1,8.9,780000,4
HONDA,AMAZE,PETROL,33887,2018,1st Owner,1,7.4,740000,8
MARUTI SUZUKI,SWIFT DZIRE,PETROL,42291,2016,1st Owner,1,7.1,575000,10
MARUTI SUZUKI,CELERIO(2017-2019),PETROL,26905,2018,2nd Owner,1,8.5,530000,8
HONDA,WR V,PETROL,15085,2019,1st Owner,1,7.5,775000,7
HONDA,WR V,PETROL,38236,2018,1st Owner,1,8.3,820000,8
HYUNDAI,CRETA,DIESEL,88115,2016,1st Owner,1,7.4,950000,10
JEEP,COMPASS,DIESEL,93235,2017,1st Owner,1,6.6,1349000,9
HYUNDAI,VENUE(2020-2022),DIESEL,52535,2021,1st Owner,1,8.6,1180000,5
MAHINDRA,XUV500,DIESEL,120989,2014,1st Owner,0,5.6,625000,12
MARUTI SUZUKI,ALTO 800,PETROL,39112,2016,1st Owner,1,7.2,310000,10
MARUTI SUZUKI,VITARA BREZZA,DIESEL,52170,2020,1st Owner,1,8.2,1025000,6
MARUTI SUZUKI,CIAZ,PETROL,48500,2017,1st Owner,0,8.1,740000,9
KIA,SELTOS,DIESEL,16594,2019,1st Owner,1,8.7,1350000,7
MARUTI SUZUKI,BALENO,PETROL,34587,2016,1st Owner,1,8,625000,10
HONDA,CITY,DIESEL,90330,2015,2nd Owner,0,6.2,730000,11
HYUNDAI,I10,PETROL,640000,2012,1st Owner,0,7.5,350000,14
HONDA,CITY,DIESEL,87415,2015,2nd Owner,1,6.3,650000,11
HONDA,AMAZE,DIESEL,79500,2013,1st Owner,0,6.3,440000,13
SKODA,RAPID,PETROL,71669,2017,1st Owner,1,6.8,725000,9
MARUTI SUZUKI,WAGON R 1.0,CNG,82000,2013,1st Owner,0,6.8,399000,13
HONDA,BRIO,PETROL,78422,2014,1st Owner,1,7,375000,12
HYUNDAI,GRAND I10 NIOS(2019-2023),CNG,62075,2021,1st Owner,1,7.6,700000,5
MAHINDRA,XUV500,DIESEL,76547,2019,1st Owner,1,7.1,1550000,7
MARUTI SUZUKI,WAGON R,PETROL,74000,2009,2nd Owner,0,6.5,220000,17
VOLKSWAGEN,VENTO,PETROL,63000,2011,2nd Owner,0,5.8,350000,15
MARUTI SUZUKI,BALENO,DIESEL,89802,2017,1st Owner,1,6.8,650000,9
MARUTI SUZUKI,SWIFT,PETROL,53471,2017,1st Owner,0,7.6,525000,9
VOLKSWAGEN,VENTO,PETROL,71000,2010,2nd Owner,0,5.7,340000,16
MARUTI SUZUKI,DZIRE,PETROL,41139,2019,1st Owner,1,7.8,790000,7
MARUTI SUZUKI,BALENO,DIESEL,33198,2016,2nd Owner,1,7.7,550000,10
HYUNDAI,AURA,PETROL,22821,2020,1st Owner,1,8.9,790000,6
VOLKSWAGEN,POLO,PETROL,32106,2019,1st Owner,1,7.8,720000,7
MARUTI SUZUKI,BALENO,PETROL,43814,2018,1st Owner,1,8.4,650000,8
MARUTI SUZUKI,WAGON R 1.0,PETROL,80876,2012,2nd Owner,0,6.3,295000,14
VOLKSWAGEN,POLO,PETROL,62804,2013,1st Owner,0,7.5,435000,13
MARUTI SUZUKI,SWIFT DZIRE,DIESEL,83000,2017,1st Owner,0,6.7,749000,9
MG,HECTOR,PETROL,82679,2019,1st Owner,1,7.9,1470000,7
HYUNDAI,GRAND I10,PETROL,38024,2019,1st Owner,1,8.8,600000,7
MAHINDRA,XUV500,DIESEL,74400,2018,1st Owner,0,6.8,1380000,8
TATA,TIAGO,PETROL,37042,2017,1st Owner,1,8.4,495000,9
MARUTI SUZUKI,BALENO,PETROL,24125,2019,1st Owner,1,8.5,690000,7
TATA,TIAGO,PETROL,45390,2021,1st Owner,1,8.9,625000,5
MARUTI SUZUKI,ERTIGA,PETROL,36617,2016,1st Owner,1,8.1,780000,10
MAHINDRA,XUV300,PETROL,41683,2021,1st Owner,1,8.7,1125000,5
RENAULT,KWID,PETROL,31683,2018,1st Owner,1,8.7,400000,8
TATA,TIAGO,DIESEL,81788,2016,1st Owner,0,6,450000,10
MARUTI SUZUKI,VITARA BREZZA,DIESEL,99000,2019,1st Owner,0,7.7,921000,7
MARUTI SUZUKI,VITARA BREZZA,DIESEL,32976,2019,1st Owner,1,8.5,950000,7
RENAULT,DUSTER,DIESEL,102000,2017,2nd Owner,0,6.2,735000,9
HYUNDAI,EON,PETROL,49917,2014,1st Owner,0,6.7,250000,12
HYUNDAI,ELITE I20,PETROL,87944,2018,1st Owner,1,7,675000,8
HONDA,CITY,PETROL,91000,2010,2nd Owner,0,5.1,300000,16
MARUTI SUZUKI,CIAZ,DIESEL,45000,2017,1st Owner,0,6.5,700000,9
HYUNDAI,AURA,PETROL,15634,2021,1st Owner,1,8.7,850000,5
MARUTI SUZUKI,WAGON R 1.0,CNG,102197,2014,2nd Owner,0,6.4,350000,12
AUDI,A4,DIESEL,96000,2013,2nd Owner,0,6.2,1300000,13
MARUTI SUZUKI,CELERIO X,PETROL,58771,2017,1st Owner,1,8.3,550000,9
HYUNDAI,TUCSON,DIESEL,125561,2017,2nd Owner,0,5.8,1800000,9
HYUNDAI,TUCSON,DIESEL,90386,2018,1st Owner,0,6.5,1800000,8
HYUNDAI,CRETA,DIESEL,170758,2016,2nd Owner,0,5.4,925000,10
MARUTI SUZUKI,ALTO K10,PETROL,71000,2018,2nd Owner,0,6.7,350000,8
MARUTI SUZUKI,ERTIGA,PETROL,95509,2014,1st Owner,1,6.7,650000,12
TATA,NEXON,DIESEL,95547,2019,1st Owner,1,7.5,850000,7
HYUNDAI,I10,PETROL,54662,2010,1st Owner,0,7.1,280000,16
KIA,CARENS,DIESEL,12000,2022,1st Owner,0,8.9,1850000,4
HYUNDAI,ELANTRA,PETROL,69000,2018,2nd Owner,0,7,910000,8
MAHINDRA,TUV 300,DIESEL,86183,2017,1st Owner,1,7.6,850000,9
MARUTI SUZUKI,WAGON R 1.0,CNG,81236,2017,1st Owner,1,6.9,530000,9
HYUNDAI,I20,PETROL,64462,2015,2nd Owner,1,6.7,480000,11
MARUTI SUZUKI,VITARA BREZZA,DIESEL,69768,2019,1st Owner,1,7.8,900000,7
TATA,MANZA(2011_2015),DIESEL,46624,2013,2nd Owner,0,6.4,365000,13
MARUTI SUZUKI,SWIFT,PETROL,32547,2022,1st Owner,1,8.9,725000,4
MARUTI SUZUKI,CELERIO,PETROL,23035,2017,1st Owner,1,8.3,525000,9
MARUTI SUZUKI,SWIFT DZIRE,DIESEL,43252,2018,1st Owner,1,8,825000,8
MARUTI SUZUKI,EECO,CNG,40267,2018,1st Owner,0,7.3,525000,8
MAHINDRA,XUV300,DIESEL,69143,2021,1st Owner,0,7.2,1125000,5
HYUNDAI,I10,PETROL,17527,2013,1st Owner,1,7.6,350000,13
MARUTI SUZUKI,SWIFT DZIRE,PETROL,122145,2008,3rd Owner,0,5.5,225000,18
MARUTI SUZUKI,BALENO,PETROL,41814,2017,1st Owner,1,8.1,625000,9
HYUNDAI,VERNA,DIESEL,49261,2018,1st Owner,1,6.9,1050000,8
HYUNDAI,i20,PETROL,16694,2021,1st Owner,1,8.7,850000,5
MAHINDRA,SCORPIO,DIESEL,126307,2018,1st Owner,0,5.9,1350000,8
MARUTI SUZUKI,SWIFT,DIESEL,46703,2019,1st Owner,0,8.4,800000,7
MARUTI SUZUKI,CELERIO,PETROL,36433,2014,1st Owner,1,6.9,395000,12
VOLKSWAGEN,VENTO,PETROL,65950,2016,1st Owner,1,6.8,640000,10
BMW,X1(2010-2012),DIESEL,104000,2011,4th Owner,0,5.1,500000,15
TATA,TIGOR,DIESEL,58287,2018,1st Owner,0,7.2,585000,8
HONDA,CITY(2017-2020),PETROL,106118,2017,1st Owner,0,7.2,680000,9
FORD,ECOSPORT,DIESEL,91160,2016,1st Owner,1,7,670000,10
MAHINDRA,BOLERO,DIESEL,80692,2012,1st Owner,0,6.7,480000,14
HYUNDAI,GRAND I10,DIESEL,76050,2017,1st Owner,1,7.9,530000,9
FORD,ECOSPORT(2017-2019),DIESEL,50495,2018,1st Owner,1,8,905000,8
MAHINDRA,TUV 300,DIESEL,38936,2016,2nd Owner,1,7.1,730000,10
HYUNDAI,GRAND I10,PETROL,62560,2017,1st Owner,1,7.1,510000,9
MARUTI SUZUKI,ALTO,PETROL,94201,2011,2nd Owner,0,5.7,9500000000,15
VOLKSWAGEN,POLO,DIESEL,57970,2014,1st Owner,1,6.3,595000,12
VOLKSWAGEN,VENTO,DIESEL,95642,2016,1st Owner,1,7,850000,10
MARUTI SUZUKI,WAGON R,PETROL,85319,2017,1st Owner,1,8,475000,9
MAHINDRA,XUV500,DIESEL,34833,2019,1st Owner,1,8.1,1350000,7
TOYOTA,INNOVA(2012-2013),DIESEL,177666,2012,1st Owner,0,4.8,790000,14
MAHINDRA,VERITO(2011-2012),DIESEL,41575,2012,1st Owner,0,7,275000,14
MAHINDRA,TUV 300,DIESEL,32763,2016,2nd Owner,1,7.4,750000,10
VOLKSWAGEN,POLO,DIESEL,88413,2015,1st Owner,1,6.4,560000,11
TATA,NEXON,DIESEL,41693,2018,1st Owner,1,8,890000,8
MARUTI SUZUKI,S CROSS,DIESEL,100923,2016,2nd Owner,0,6.3,625000,10
MAHINDRA,XUV 500,DIESEL,55963,2015,1st Owner,1,7,1100000,11
MARUTI SUZUKI,SWIFT,PETROL,12364,2018,1st Owner,1,8.3,675000,8
MARUTI SUZUKI,CELERIO,PETROL,84169,2016,1st Owner,1,7.9,425000,10
MARUTI SUZUKI,ERTIGA,DIESEL,54452,2015,1st Owner,1,7.3,850000,11
TOYOTA,FORTUNER,DIESEL,110255,2013,1st Owner,0,6.5,1550000,13
MARUTI SUZUKI,A STAR,PETROL,86784,2014,2nd Owner,0,7.1,250000,12
MARUTI SUZUKI,WAGON R,PETROL,3937,2021,1st Owner,1,9,640000,5
MARUTI SUZUKI,SWIFT,DIESEL,120584,2009,2nd Owner,0,5.6,285000,17
MARUTI SUZUKI,BALENO,PETROL,53246,2017,1st Owner,1,8,685000,9
VOLKSWAGEN,AMEO,PETROL,51550,2017,1st Owner,1,7.2,500000,9
TOYOTA,INNOVA CRYSTA,DIESEL,38072,2016,1st Owner,1,7.4,1550000,10
TOYOTA,INNOVA CRYSTA,DIESEL,48714,2019,1st Owner,1,7.8,1840000,7
KIA,SONET,DIESEL,6270,2021,1st Owner,1,8,1275000,5
HYUNDAI,I20,PETROL,73301,2015,1st Owner,1,7.8,490000,11
TOYOTA,COROLLA ALTIS,PETROL,82593,2012,2nd Owner,0,6.9,435000,14
TOYOTA,FORTUNER,DIESEL,72907,2017,1st Owner,1,7.6,2875000,9
TOYOTA,FORTUNER (2012_2016),DIESEL,130000,2015,2nd Owner,0,7.7,1550000,11
AUDI,A4,DIESEL,55000,2013,1st Owner,0,7.5,1090000,13
TOYOTA,INNOVA CRYSTA,DIESEL,77674,2018,1st Owner,1,7.6,1875000,8
ISUZU,V CROSS,DIESEL,38805,2016,1st Owner,1,8,1250000,10
MARUTI SUZUKI,SWIFT(2014_2018),DIESEL,29659,2017,1st Owner,1,8.1,525000,9
FORD,ECOSPORT,PETROL,65750,2018,1st Owner,1,7.7,835000,8
HYUNDAI,CRETA,CNG,48795,2017,1st Owner,1,7.5,1075000,9
JEEP,COMPASS,PETROL,39136,2018,1st Owner,1,7.6,1225000,8
MARUTI SUZUKI,S PRESSO,PETROL,18794,2021,1st Owner,1,8.2,475000,5
FORD,ECOSPORT,PETROL,38752,2016,1st Owner,1,7.6,675000,10
FORD,ENDEAVOUR(2016_2019),DIESEL,74686,2017,1st Owner,1,7.8,2675000,9
FORD,ENDEAVOUR,DIESEL,57036,2019,1st Owner,1,7.7,3250000,7
SKODA,OCTAVIA(2015-2017),PETROL,63758,2016,2nd Owner,1,7.4,1375000,10
HONDA,WR V,DIESEL,55900,2017,1st Owner,1,7.5,735000,9
HONDA,JAZZ,PETROL,50542,2017,1st Owner,0,7.8,595000,9
FORD,ECOSPORT,DIESEL,52903,2018,1st Owner,1,7.8,825000,8
FORD,ENDEAVOUR(2016_2019),DIESEL,69955,2017,1st Owner,1,7.6,2675000,9
KIA,SELTOS,PETROL,15722,2020,1st Owner,1,7.9,1585000,6
HYUNDAI,CRETA,DIESEL,83986,2017,1st Owner,1,7.7,1000000,9
MAHINDRA,XUV 500,DIESEL,78669,2018,1st Owner,1,7.7,1225000,8
HONDA,CRV,PETROL,83688,2014,1st Owner,1,7.2,1090000,12
MARUTI SUZUKI,SWIFT DZIRE,PETROL,45416,2015,1st Owner,1,7.5,450000,11
HYUNDAI,CRETA,DIESEL,32828,2021,1st Owner,1,8.7,1975000,5
AUDI,A3,DIESEL,40000,2015,2nd Owner,0,7.3,1275000,11
AUDI,Q3(2012-2015),DIESEL,83000,2014,1st Owner,0,7.3,1475000,12
TOYOTA,COROLLA ALTIS(2014-2017),PETROL,64526,2014,1st Owner,1,7.1,850000,12
MAHINDRA,XUV500(2015_2017),DIESEL,65000,2017,1st Owner,0,7.8,1085000,9
HONDA,WR V,PETROL,58519,2018,1st Owner,1,7.6,870000,8
HYUNDAI,NEW ELANTRA,PETROL,98000,2014,2nd Owner,0,6.9,675000,12
VOLVO,V40,DIESEL,76000,2016,2nd Owner,0,7.3,1250000,10
SKODA,SUPERB,PETROL,49451,2014,1st Owner,1,7.4,1150000,12
MAHINDRA,XUV700,PETROL,1625,2022,1st Owner,1,9.4,1975000,4
RENAULT,KWID,PETROL,14316,2019,1st Owner,1,9,380000,7
MAHINDRA,XUV300,DIESEL,33109,2021,1st Owner,1,8.8,1235000,5
TOYOTA,COROLLA ALTIS(2017-2020),PETROL,33829,2019,1st Owner,1,8.6,1375000,7
MARUTI SUZUKI,VITARA BREZZA,DIESEL,58109,2017,1st Owner,1,8.4,725000,9
HONDA,AMAZE,PETROL,54272,2016,1st Owner,1,8.3,530000,10
HONDA,CITY,PETROL,52000,2012,1st Owner,0,6.4,390000,14
MARUTI SUZUKI,CELERIO,PETROL,25491,2022,1st Owner,1,9.2,595000,4
MARUTI SUZUKI,SWIFT DZIRE,PETROL,45408,2016,1st Owner,1,8.4,545000,10
KIA,SELTOS(2020-2022),DIESEL,50553,2021,1st Owner,1,8.3,1850000,5
TOYOTA,GLANZA(2020-2022),PETROL,11024,2022,1st Owner,1,9,975000,4
MARUTI SUZUKI,SWIFT,PETROL,15754,2021,1st Owner,1,9.1,750000,5
RENAULT,KWID,PETROL,45056,2017,1st Owner,1,8.5,245000,9
MAHINDRA,XUV 500,DIESEL,46377,2017,1st Owner,1,7.9,1050000,9
VOLKSWAGEN,VENTO,PETROL,79958,2016,1st Owner,1,7.5,680000,10
HYUNDAI,I20,PETROL,90000,2012,2nd Owner,0,7,275000,14
MARUTI SUZUKI,BALENO,PETROL,5302,2022,1st Owner,1,9.4,975000,4
MITSUBISHI,PAJERO SPORT,DIESEL,76000,2013,1st Owner,0,7.1,850000,13
MARUTI SUZUKI,DZIRE,PETROL,55911,2018,1st Owner,1,8.3,750000,8
MERCEDES BENZ,CLA CLASS,PETROL,57559,2018,1st Owner,1,8.2,2690000,8
MARUTI SUZUKI,WAGON R,CNG,25582,2021,1st Owner,1,9.1,625000,5
MAHINDRA,XUV500(2015_2017),DIESEL,56822,2015,1st Owner,1,7.5,850000,11
TOYOTA,INNOVA CRYSTA,DIESEL,61000,2017,1st Owner,0,8,1750000,9
HONDA,JAZZ,PETROL,56444,2016,2nd Owner,1,7.7,575000,10
HONDA,JAZZ,PETROL,47322,2015,1st Owner,1,8.1,485000,11
TOYOTA,INNOVA CRYSTA,DIESEL,68456,2016,1st Owner,1,7.8,1475000,10
FORD,ENDEAVOUR(2016_2019),DIESEL,16337,2018,1st Owner,1,8.3,3100000,8
RENAULT,KIGER(2021-2022),PETROL,1801,2022,1st Owner,1,9.4,835000,4
HYUNDAI,CRETA,PETROL,25643,2018,1st Owner,1,8.3,1325000,8
SKODA,KUSHAQ,PETROL,10181,2021,1st Owner,1,9.1,1675000,5
TOYOTA,COROLLA ALTIS(2014-2017),PETROL,75000,2015,1st Owner,0,7.1,890000,11
HONDA,CITY(2011-2014),PETROL,68000,2012,1st Owner,0,6.5,450000,14
SKODA,SUPERB,PETROL,65565,2019,1st Owner,1,7.8,2500000,7
TOYOTA,FORTUNER,DIESEL,114000,2019,1st Owner,0,7.4,3300000,7
TOYOTA,CAMRY,PETROL,62532,2016,1st Owner,1,7.5,2100000,10
HYUNDAI,I20,PETROL,30166,2017,1st Owner,1,8.5,625000,9
BMW,5 SERIES,DIESEL,90000,2016,1st Owner,0,7.4,2090000,10
FORD,ECOSPORT,PETROL,64004,2015,1st Owner,1,7.6,595000,11
MAHINDRA,XUV 500,DIESEL,62091,2017,1st Owner,1,7.8,1050000,9
HYUNDAI,CRETA,DIESEL,57380,2015,1st Owner,1,7.5,825000,11
HYUNDAI,VERNA(2017-2020),PETROL,48751,2018,2nd Owner,1,8.1,870000,8
TOYOTA,INNOVA CRYSTA,DIESEL,44719,2017,2nd Owner,1,7.7,1825000,9
TOYOTA,COROLLA ALTIS(2014-2017),PETROL,110000,2014,1st Owner,0,7,850000,12
SKODA,OCTAVIA,PETROL,56869,2017,1st Owner,1,8,1250000,9
HYUNDAI,ELANTRA,PETROL,64000,2013,1st Owner,0,7,625000,13
HONDA,AMAZE,PETROL,50898,2019,1st Owner,1,8.5,595000,7
SKODA,OCTAVIA,PETROL,49832,2014,1st Owner,1,7.3,1050000,12
MG,HECTOR PLUS(2021-2023),DIESEL,884,2023,1st Owner,1,9.4,2200000,3
TOYOTA,INNOVA,DIESEL,71063,2014,1st Owner,1,7.4,875000,12
MG,ASTOR,PETROL,9493,2021,2nd Owner,1,8.3,1625000,5
TATA,NEXON,PETROL,45555,2019,1st Owner,1,8.5,750000,7
JEEP,COMPASS,DIESEL,39936,2017,1st Owner,1,8,1190000,9
TOYOTA,INNOVA CRYSTA,DIESEL,54104,2019,1st Owner,1,8,1825000,7
HONDA,CRV,PETROL,75000,2014,3rd Owner,0,6.5,950000,12
MARUTI SUZUKI,SWIFT,PETROL,32596,2022,1st Owner,1,8.9,750000,4
MARUTI SUZUKI,BALENO,PETROL,17243,2018,1st Owner,1,8.4,725000,8
HONDA,JAZZ,PETROL,41000,2017,2nd Owner,0,7.6,595000,9
HONDA,CITY 5TH GEN,PETROL,37838,2021,1st Owner,1,8.1,1050000,5
RENAULT,TRIBER,PETROL,10064,2020,1st Owner,1,8.7,660000,6
MARUTI SUZUKI,BALENO,PETROL,33962,2017,1st Owner,1,8.3,535000,9
MAHINDRA,XUV500(2017_2018),DIESEL,62915,2017,1st Owner,1,7.6,990000,9
BMW,X1,DIESEL,44300,2014,1st Owner,0,7,1090000,12
AUDI,A3,DIESEL,47549,2014,1st Owner,0,6.9,1250000,12
HYUNDAI,CRETA,PETROL,36823,2016,1st Owner,1,7.6,810000,10
KIA,SELTOS(2020-2022),PETROL,24518,2020,1st Owner,1,8.6,1125000,6
SKODA,OCTAVIA(2015-2017),PETROL,72344,2016,1st Owner,1,7.3,1075000,10
TOYOTA,INNOVA CRYSTA,DIESEL,85420,2018,1st Owner,1,7.4,1600000,8
MERCEDES BENZ,C CLASS,PETROL,82000,2011,2nd Owner,0,5.8,675000,15
HONDA,CITY(2011-2014),PETROL,84000,2012,2nd Owner,0,6.5,425000,14
HYUNDAI,GRAND I10,PETROL,65000,2015,1st Owner,0,8,475000,11
MARUTI SUZUKI,DZIRE,PETROL,14905,2018,1st Owner,1,8.4,675000,8
HYUNDAI,CRETA,PETROL,68400,2017,1st Owner,1,7.8,790000,9
MERCEDES BENZ,CLA CLASS,DIESEL,13504,2019,1st Owner,1,8.3,2850000,7
JEEP,COMPASS,DIESEL,38751,2018,1st Owner,1,7.9,1450000,8
HONDA,CITY,PETROL,54219,2016,2nd Owner,1,7.4,795000,10
MERCEDES BENZ,C CLASS,PETROL,34000,2010,1st Owner,0,5.9,875000,16
FORD,ENDEAVOUR,DIESEL,64788,2017,2nd Owner,1,7.4,2390000,9
AUDI,A6(2011-2015),DIESEL,77000,2013,1st Owner,0,6.2,825000,13
TOYOTA,COROLLA ALTIS,PETROL,80000,2012,2nd Owner,0,5.8,450000,14
SKODA,SUPERB,PETROL,67615,2013,2nd Owner,1,6.5,675000,13
MARUTI SUZUKI,BALENO,PETROL,22376,2021,1st Owner,0,8.8,690000,5
MARUTI SUZUKI,XL6,PETROL,17814,2020,2nd Owner,1,8.2,1295000,6
MARUTI SUZUKI,CIAZ,PETROL,73812,2018,1st Owner,1,7.8,690000,8
FORD,ECOSPORT,DIESEL,60790,2018,1st Owner,1,8,780000,8
TATA,HEXA,DIESEL,14713,2018,1st Owner,1,8,1125000,8
HYUNDAI,CRETA,PETROL,50264,2017,1st Owner,1,7.6,1000000,9
HONDA,CITY,DIESEL,60752,2014,1st Owner,0,7,375000,12
MG,HECTOR PLUS,PETROL,4468,2023,1st Owner,1,9,2275000,3
HONDA,WR V,PETROL,48262,2017,1st Owner,1,7.8,675000,9
HONDA,CITY,PETROL,22101,2016,1st Owner,1,7.5,775000,10
MAHINDRA,XUV 500,DIESEL,54131,2016,1st Owner,1,7.3,980000,10
VOLKSWAGEN,TIGUAN,DIESEL,44191,2017,1st Owner,1,7.7,1950000,9
TOYOTA,FORTUNER,DIESEL,43621,2018,1st Owner,1,8,2750000,8
AUDI,A6,DIESEL,49000,2015,1st Owner,0,7.2,1475000,11
AUDI,A6,DIESEL,22000,2014,1st Owner,0,6.9,1450000,12
HYUNDAI,VERNA,PETROL,55176,2019,1st Owner,1,8.3,925000,7
MAHINDRA,KUV100,PETROL,13812,2017,1st Owner,1,8.3,450000,9
HONDA,ACCORD,PETROL,82000,2011,2nd Owner,0,5.8,475000,15
MARUTI SUZUKI,DZIRE,CNG,25590,2022,1st Owner,1,8.8,875000,4
HONDA,CITY,PETROL,31341,2019,1st Owner,1,7.9,1025000,7
TOYOTA,COROLLA ALTIS,PETROL,40565,2018,1st Owner,1,8,1475000,8
MAHINDRA,XUV700,PETROL,23782,2021,1st Owner,1,8.8,2485000,5
VOLKSWAGEN,VIRTUS,PETROL,10675,2022,1st Owner,1,9,1475000,4
HONDA,WR V,PETROL,13061,2019,1st Owner,1,8.4,875000,7
HYUNDAI,CRETA,PETROL,60914,2015,1st Owner,1,7.3,850000,11
TOYOTA,INNOVA CRYSTA,DIESEL,48144,2018,1st Owner,1,7.8,1875000,8
MAHINDRA,XUV700,DIESEL,30641,2021,2nd Owner,1,8.3,2335000,5
RENAULT,DUSTER,PETROL,39692,2017,1st Owner,1,7.9,585000,9
MARUTI SUZUKI,SWIFT,PETROL,52634,2020,1st Owner,1,8.4,575000,6
HONDA,CITY(2017-2020),PETROL,72242,2018,1st Owner,1,7.5,800000,8
MG,HECTOR PLUS(2021-2023),PETROL,20661,2021,2nd Owner,1,8.4,1600000,5
MARUTI SUZUKI,ALTO 800,PETROL,48662,2014,1st Owner,1,7.8,210000,12
HYUNDAI,SANTRO,PETROL,28574,2019,2nd Owner,1,8.3,440000,7
TOYOTA,FORTUNER (2012_2016),DIESEL,62923,2014,1st Owner,1,6.9,1475000,12
MERCEDES BENZ,E-CLASS(2015-2017),DIESEL,70123,2017,1st Owner,0,7.5,2000000,9
DATSUN,GO,PETROL,23135,2014,1st Owner,1,7.8,250000,12
MERCEDES BENZ,E-CLASS(2013-2015),DIESEL,54123,2015,1st Owner,0,7.1,1850000,11
MARUTI SUZUKI,DZIRE(2017-2020),PETROL,36719,2018,1st Owner,1,8.3,630000,8
HYUNDAI,I20,PETROL,5588,2023,1st Owner,1,9.1,890000,3
HONDA,BRIO,PETROL,41000,2013,1st Owner,0,7.6,350000,13
TOYOTA,COROLLA ALTIS,PETROL,67280,2015,1st Owner,1,7.2,850000,11
HYUNDAI,CRETA,PETROL,24057,2022,1st Owner,1,8.8,1735000,4
MAHINDRA,XUV700,PETROL,29938,2022,1st Owner,1,8.4,2300000,4
MAHINDRA,SCORPIO,DIESEL,72605,2017,1st Owner,1,7.7,990000,9
TATA,NEXON,PETROL,14602,2021,1st Owner,1,8.8,925000,5
MARUTI SUZUKI,SWIFT,PETROL,26190,2018,1st Owner,1,8.4,525000,8
MARUTI SUZUKI,SWIFT,PETROL,43722,2021,1st Owner,1,8.8,590000,5
TOYOTA,URBAN CRUISER HYRYDER,HYBRID,16532,2023,1st Owner,1,9,1875000,3
MARUTI SUZUKI,VITARA BREZZA,PETROL,10252,2020,1st Owner,1,8.6,1025000,6
HYUNDAI,I20,PETROL,45704,2016,1st Owner,1,8.1,550000,10
HYUNDAI,I20,PETROL,52453,2017,2nd Owner,1,7.9,550000,9
MARUTI SUZUKI,BALENO,PETROL,44294,2017,1st Owner,1,7.9,695000,9
TOYOTA,GLANZA,PETROL,39204,2019,1st Owner,1,8.5,775000,7
MAHINDRA,KUV100(2016_2017),DIESEL,38759,2016,1st Owner,1,8,450000,10
FORD,ECOSPORT,PETROL,48143,2016,1st Owner,1,7.8,675000,10
MG,HECTOR(2021-2023),DIESEL,11066,2022,1st Owner,1,8.9,2050000,4
MERCEDES BENZ,C CLASS,PETROL,64000,2011,1st Owner,0,6.2,875000,15
HYUNDAI,ELITE I20,PETROL,28215,2018,1st Owner,1,8.1,750000,8
HYUNDAI,ELITE I20,PETROL,39000,2015,1st Owner,0,7.7,525000,11
RENAULT,KWID,PETROL,21534,2019,1st Owner,1,8.6,395000,7
JEEP,COMPASS,PETROL,54871,2018,1st Owner,1,7.9,1475000,8
SKODA,RAPID(2011-2014),PETROL,45028,2012,1st Owner,0,7.1,350000,14
HONDA,AMAZE,PETROL,47176,2013,1st Owner,1,7.3,360000,13
HYUNDAI,VENUE,PETROL,49384,2020,1st Owner,1,8.3,950000,6
HONDA,CITY,PETROL,19775,2014,1st Owner,1,7.2,625000,12
HYUNDAI,CRETA,PETROL,67703,2016,1st Owner,1,7.4,850000,10
HYUNDAI,GRAND I10,PETROL,32410,2019,1st Owner,1,8.3,540000,7
HONDA,CITY,PETROL,84840,2013,1st Owner,0,6.8,425000,13
HYUNDAI,VERNA,PETROL,41845,2018,1st Owner,1,8,975000,8
HONDA,CITY(2017-2020),PETROL,36218,2019,1st Owner,1,8.1,1075000,7
MARUTI SUZUKI,CIAZ,PETROL,57305,2015,1st Owner,1,7.3,590000,11
HYUNDAI,VERNA,PETROL,16669,2023,1st Owner,1,9.1,1395000,3
MAHINDRA,KUV100,PETROL,32576,2016,1st Owner,1,8,390000,10
KIA,SELTOS,PETROL,60937,2019,1st Owner,1,7.9,1225000,7
HYUNDAI,GRAND I10,PETROL,38520,2018,1st Owner,1,8.4,500000,8
FORD,ECOSPORT,PETROL,40714,2015,1st Owner,1,7.3,525000,11
RENAULT,KWID(2020-2021),PETROL,34168,2020,1st Owner,1,8.6,500000,6
MARUTI SUZUKI,SWIFT,PETROL,25711,2018,1st Owner,1,8.4,585000,8
HONDA,CITY,PETROL,38962,2015,1st Owner,0,7.5,625000,11
CHEVROLET,SPARK,PETROL,43800,2011,1st Owner,0,7.6,145000,15
HYUNDAI,I10,PETROL,55300,2010,2nd Owner,0,6.7,170000,16
HONDA,CITY,DIESEL,47080,2017,1st Owner,1,7.8,795000,9
TATA,HEXA,DIESEL,53614,2017,1st Owner,1,7.9,1045000,9
JEEP,COMPASS,PETROL,44588,2018,1st Owner,1,8.1,1475000,8
HYUNDAI,I20,PETROL,54716,2018,1st Owner,1,7.9,595000,8
KIA,SELTOS,PETROL,27487,2020,1st Owner,1,8.1,1290000,6
MARUTI SUZUKI,IGNIS,PETROL,21442,2018,1st Owner,1,7.6,595000,8
MARUTI SUZUKI,SWIFT,DIESEL,86127,2016,2nd Owner,0,7.8,450000,10
BMW,X1,DIESEL,29778,2018,1st Owner,1,7.9,2595000,8
MARUTI SUZUKI,BALENO,PETROL,48520,2017,1st Owner,1,7.7,625000,9
RENAULT,KWID,PETROL,35231,2018,1st Owner,1,8.1,365000,8
MARUTI SUZUKI,BALENO,PETROL,8859,2021,1st Owner,1,7.8,720000,5
MARUTI SUZUKI,CIAZ,PETROL,80234,2017,1st Owner,0,7.9,695000,9
HONDA,AMAZE,PETROL,53615,2014,2nd Owner,1,7.2,425000,12
TOYOTA,INNOVA,DIESEL,22360,2015,2nd Owner,1,7.6,1215000,11
HYUNDAI,SANTRO,PETROL,18972,2019,1st Owner,1,7.7,549000,7
MARUTI SUZUKI,WAGON R,PETROL,29630,2021,1st Owner,1,7.8,550000,5
HONDA,AMAZE,PETROL,35371,2019,1st Owner,1,8,758000,7
HONDA,CITY(2017-2020),PETROL,29667,2018,2nd Owner,1,7.8,799000,8
MG,HECTOR,PETROL,47485,2020,1st Owner,1,8,1599000,6
MARUTI SUZUKI,CIAZ,DIESEL,82294,2015,2nd Owner,1,8.2,495000,11
HONDA,JAZZ,PETROL,52508,2015,1st Owner,1,7.7,450000,11
HONDA,CITY,DIESEL,73080,2015,1st Owner,1,7.6,525000,11
MARUTI SUZUKI,VITARA BREZZA,DIESEL,74293,2018,2nd Owner,1,8,750000,8
MARUTI SUZUKI,BALENO,PETROL,45682,2019,1st Owner,1,8.1,658000,7
MARUTI SUZUKI,SWIFT DZIRE,PETROL,24685,2014,1st Owner,1,7.8,429000,12
MARUTI SUZUKI,WAGON R 1.0,PETROL,23514,2017,1st Owner,1,7.8,411000,9
HONDA,AMAZE,PETROL,65031,2017,2nd Owner,1,7.9,495000,9
MARUTI SUZUKI,DZIRE,PETROL,30999,2021,1st Owner,1,8.3,727000,5
MARUTI SUZUKI,VITARA BREZZA,PETROL,12505,2022,1st Owner,1,8.2,899000,4
MARUTI SUZUKI,CELERIO,PETROL,34498,2016,1st Owner,1,8.1,399000,10
MARUTI SUZUKI,WAGON R,PETROL,58690,2020,1st Owner,1,8.2,533000,6
HYUNDAI,GRAND I10,PETROL,36373,2017,1st Owner,1,7.7,471000,9
MARUTI SUZUKI,BALENO,PETROL,32333,2021,1st Owner,1,8.2,587000,5
TATA,TIGOR(2018-2020),PETROL,53115,2020,1st Owner,1,8.1,529000,6
HONDA,WR V,PETROL,18121,2018,1st Owner,1,7.9,799000,8
HONDA,AMAZE,PETROL,32528,2015,1st Owner,1,7.6,417000,11
MAHINDRA,SCORPIO(2014-2017),DIESEL,44297,2017,1st Owner,1,8,791000,9
TATA,HARRIER,DIESEL,33163,2021,1st Owner,1,8.1,1940000,5
HYUNDAI,CRETA,DIESEL,89000,2016,2nd Owner,0,7.8,750000,10
HONDA,AMAZE,PETROL,30174,2018,2nd Owner,1,7.9,575000,8
HYUNDAI,TUCSON,DIESEL,125901,2017,1st Owner,0,7.6,1400000,9
RENAULT,DUSTER(2016-2019),DIESEL,71692,2017,1st Owner,1,7.8,549000,9
MARUTI SUZUKI,BALENO,PETROL,57661,2019,1st Owner,1,7.9,616000,7
MARUTI SUZUKI,CELERIO(2017-2019),CNG,35636,2018,1st Owner,1,8.1,481000,8
MARUTI SUZUKI,DZIRE,DIESEL,33914,2017,1st Owner,1,8.1,568000,9
FORD,ECOSPORT,DIESEL,80199,2016,1st Owner,1,7.7,570000,10
HONDA,CITY,DIESEL,41507,2018,1st Owner,0,8,1070000,8
MARUTI SUZUKI,BALENO,PETROL,71304,2015,1st Owner,1,7.6,511000,11
HONDA,AMAZE,PETROL,16708,2021,1st Owner,1,8.3,815000,5
HYUNDAI,CRETA(2020-2023),DIESEL,27821,2022,1st Owner,1,8.4,1625000,4
HYUNDAI,CRETA,PETROL,71041,2016,1st Owner,1,7.8,1075000,10
MARUTI SUZUKI,WAGON R,CNG,53105,2021,1st Owner,0,8,565000,5
AUDI,Q3 2.0,DIESEL,68583,2014,2nd Owner,0,7.7,1090000,12
HYUNDAI,GRAND I10,PETROL,34617,2018,1st Owner,1,7.9,499000,8
HONDA,WR-V,PETROL,5759,2022,1st Owner,1,8.1,980000,4
HYUNDAI,I10,PETROL,67484,2014,1st Owner,0,7.5,295000,12
MARUTI SUZUKI,WAGON R(2019-2022),CNG,37396,2019,1st Owner,1,7.7,549000,7
HONDA,BRIO,PETROL,40293,2016,1st Owner,1,7.7,411000,10
HONDA,CITY(2017-2020),PETROL,52898,2018,1st Owner,0,8,8500000,8
HONDA,CITY,PETROL,68290,2016,1st Owner,0,8,725000,10
BMW,3 SERIES,DIESEL,45611,2016,2nd Owner,1,7.4,1680000,10
KIA,SELTOS,PETROL,35321,2020,1st Owner,1,7.9,1400000,6
MARUTI SUZUKI,BALENO,PETROL,27867,2020,1st Owner,1,8,649000,6
MARUTI SUZUKI,ALTO K10,CNG,37489,2015,1st Owner,1,7.6,318000,11
HYUNDAI,VERNA,DIESEL,70699,2018,1st Owner,1,7.7,925000,8
MARUTI SUZUKI,WAGON R,PETROL,22794,2018,1st Owner,1,8.1,435000,8
TATA,TIAGO,PETROL,27654,2018,1st Owner,1,7.8,485000,8
TATA,TIAGO,PETROL,42761,2018,1st Owner,1,8.1,525000,8
TATA,ALTROZ,PETROL,21091,2020,1st Owner,1,8.1,659000,6
MARUTI SUZUKI,CIAZ,PETROL,48856,2016,1st Owner,1,8,635000,10
MARUTI SUZUKI,WAGON R 1.0,CNG,59676,2016,1st Owner,1,7.7,364000,10
TATA,NEXON,PETROL,48920,2018,1st Owner,1,7.8,749000,8
KIA,SELTOS,PETROL,9783,2019,1st Owner,1,7.8,1150000,7
HYUNDAI,I20,PETROL,60000,2016,1st Owner,0,7.9,550000,10
MARUTI SUZUKI,S CROSS,DIESEL,67736,2017,1st Owner,1,7.5,665000,9
HONDA,JAZZ,CNG,36719,2017,1st Owner,1,8.1,665000,9
HONDA,AMAZE,PETROL,51202,2019,1st Owner,1,8.1,623000,7
HYUNDAI,I10,PETROL,32637,2016,1st Owner,1,7.6,405000,10
MARUTI SUZUKI,DZIRE,PETROL,32109,2017,2nd Owner,1,7.5,635000,9
HYUNDAI,I20,PETROL,18936,2019,1st Owner,1,7.9,785000,7
MARUTI SUZUKI,BALENO(2020-2022),PETROL,7821,2021,1st Owner,1,8.1,745000,5
MARUTI SUZUKI,VITARA BREZZA,DIESEL,33749,2019,1st Owner,1,7.8,920000,7
JEEP,COMPASS,DIESEL,51274,2017,1st Owner,1,7.6,1300000,9
TATA,SAFARI,DIESEL,17225,2021,1st Owner,1,8,1800000,5
TOYOTA,INNOVA CRYSTA,DIESEL,76803,2018,2nd Owner,1,7.6,1620000,8
HYUNDAI,CRETA,PETROL,77939,2016,1st Owner,1,7.5,916000,10
MAHINDRA,XUV700,DIESEL,7738,2022,1st Owner,1,8.2,2149000,4
HONDA,CITY(2014-2017),PETROL,50839,2016,1st Owner,1,8,581000,10
MARUTI SUZUKI,CIAZ,PETROL,7000,2022,1st Owner,1,8.2,1181000,4
MAHINDRA,THAR,DIESEL,53737,2020,1st Owner,1,7.9,1500000,6
MG,HECTOR(2020-2021),PETROL,23535,2020,1st Owner,1,7.9,1645000,6
HONDA,CITY(2017-2020),DIESEL,83571,2018,1st Owner,0,7.6,750000,8
MAHINDRA,XUV500,DIESEL,27524,2018,1st Owner,1,7.7,1250000,8
MAHINDRA,XUV700,PETROL,11366,2021,1st Owner,1,8.2,2550000,5
SKODA,KUSHAQ,PETROL,19815,2021,1st Owner,1,8,1595000,5
HYUNDAI,CRETA,DIESEL,83000,2017,1st Owner,0,7.9,945000,9
KIA,SELTOS,DIESEL,25000,2019,1st Owner,0,7.8,1375000,7
HONDA,AMAZE,PETROL,27000,2018,1st Owner,0,7.9,575000,8
TOYOTA,INNOVA CRYSTA,DIESEL,21601,2017,1st Owner,1,7.5,1750000,9
CHEVROLET,SAIL UVA,PETROL,5859,2014,1st Owner,1,7.7,325000,12
TATA,NEXON,DIESEL,83121,2017,1st Owner,1,7.6,785000,9
FORD,ECOSPORT,PETROL,50000,2016,1st Owner,0,7.6,670000,10
MARUTI SUZUKI,CELERIO,PETROL,39809,2017,1st Owner,1,7.9,468000,9
MARUTI SUZUKI,SWIFT DZIRE,PETROL,11810,2015,1st Owner,1,7.5,535000,11
MARUTI SUZUKI,ERTIGA,PETROL,33021,2020,1st Owner,1,8,935000,6
NISSAN,SUNNY,PETROL,57300,2012,2nd Owner,0,7.6,325000,14
TATA,SAFARI,DIESEL,21584,2021,1st Owner,1,8.1,1890000,5
ISUZU,V CROSS,DIESEL,22000,2017,1st Owner,0,7.8,1450000,9
MERCEDES BENZ,C CLASS,PETROL,260000,2010,1st Owner,0,7.4,690000,16
FORD,ECOSPORT,PETROL,16778,2021,1st Owner,1,8,959000,5
FORD,FIGO,PETROL,30464,2015,2nd Owner,1,7.5,475000,11
FORD,ECOSPORT,DIESEL,20350,2013,1st Owner,1,7.5,495000,13
HONDA,JAZZ,PETROL,32982,2017,2nd Owner,1,7.8,645000,9
MAHINDRA,XUV500(2017_2018),DIESEL,60039,2015,1st Owner,1,7.9,880000,11
TOYOTA,INNOVA CRYSTA,DIESEL,76725,2017,1st Owner,1,7.8,1595000,9
HONDA,CITY,PETROL,14241,2018,1st Owner,1,7.9,1075000,8
FORD,ASPIRE,PETROL,25746,2018,1st Owner,1,8.2,550000,8
HYUNDAI,I10,PETROL,62504,2015,1st Owner,1,7.9,345000,11
MARUTI SUZUKI,IGNIS,PETROL,41439,2018,1st Owner,1,8.1,505000,8
MARUTI SUZUKI,VITARA BREZZA,PETROL,21816,2022,1st Owner,1,8.3,1100000,4
NISSAN,MAGNITE,PETROL,6062,2022,1st Owner,1,8.4,719000,4
HYUNDAI,VENUE,PETROL,36414,2019,1st Owner,1,7.6,1075000,7
MITSUBISHI,PAJERO SPORT,DIESEL,91480,2014,1st Owner,1,7.3,945000,12
JEEP,COMPASS,PETROL,57156,2018,1st Owner,1,7.5,1545000,8
MG,HECTOR,PETROL,14278,2019,1st Owner,1,7.7,1575000,7
KIA,SELTOS(2020-2022),DIESEL,29000,2021,2nd Owner,0,8,1775000,5
KIA,CARENS,PETROL,17209,2022,2nd Owner,1,8,1800000,4
RENAULT,KWID,PETROL,7410,2020,2nd Owner,1,7.8,425000,6
MARUTI SUZUKI,SWIFT(2018_2019),DIESEL,53540,2018,1st Owner,1,7.9,640000,8
MARUTI SUZUKI,BALENO,PETROL,39654,2017,1st Owner,1,7.9,575000,9
FORD,ECOSPORT,PETROL,63738,2016,2nd Owner,1,7.5,645000,10
MAHINDRA,THAR,PETROL,11485,2022,1st Owner,1,7.9,1475000,4
TATA,HARRIER,DIESEL,15550,2020,1st Owner,1,7.9,2075000,6
MARUTI SUZUKI,WAGON R,PETROL,15245,2021,1st Owner,0,8.1,575000,5
SKODA,KODIAQ,DIESEL,85350,2017,2nd Owner,0,7.7,2100000,9
HONDA,AMAZE,PETROL,13614,2021,1st Owner,1,8.3,719000,5
MARUTI SUZUKI,ALTO K10,PETROL,17546,2018,1st Owner,1,8,399000,8
MARUTI SUZUKI,VITARA BREZZA,DIESEL,73160,2018,2nd Owner,1,7.9,775000,8
MARUTI SUZUKI,WAGON R 1.0,CNG,44684,2018,1st Owner,1,8,495000,8
TOYOTA,PLATINUM ETIOS,PETROL,37022,2017,1st Owner,1,7.7,595000,9
VOLKSWAGEN,POLO,PETROL,67469,2013,2nd Owner,1,7.6,345000,13
HYUNDAI,XCENT,PETROL,63982,2016,1st Owner,1,7.8,437000,10
MARUTI SUZUKI,BALENO,PETROL,49230,2017,1st Owner,1,7.9,625000,9
MAHINDRA,XUV500,DIESEL,36744,2015,1st Owner,1,7.6,725000,11
NISSAN,MICRA,PETROL,33028,2013,1st Owner,1,7.5,325000,13
SKODA,KUSHAQ,PETROL,7204,2022,1st Owner,1,8.1,1277000,4
TATA,TIAGO,PETROL,12481,2020,1st Owner,1,8.1,657000,6
RENAULT,KIGER,PETROL,18932,2021,1st Owner,1,8.3,764000,5
HYUNDAI,ELITE I20,PETROL,55926,2017,1st Owner,1,7.8,575000,9
HYUNDAI,GRAND I10,PETROL,50126,2014,1st Owner,1,7.7,425000,12
TATA,TIAGO,PETROL,38231,2017,1st Owner,1,7.9,515000,9
HONDA,BRIO,PETROL,66340,2015,1st Owner,1,7.8,480000,11
HONDA,CITY 5TH GEN,,22974,2020,1st Owner,1,7.9,1047000,6
HONDA,CITY,PETROL,50000,2010,1st Owner,0,7,325000,16
HYUNDAI,GRAND I10,PETROL,49154,2018,1st Owner,1,7.8,580000,8
HYUNDAI,ACCENT,CNG,55000,2011,2nd Owner,0,7,275000,15
MARUTI SUZUKI,BALENO,PETROL,84102,2018,1st Owner,1,7.9,575000,8
MARUTI SUZUKI,ALTO K10,PETROL,48327,2015,1st Owner,1,7.4,350000,11
MARUTI SUZUKI,ALTO K10,PETROL,24931,2017,1st Owner,1,7.7,400000,9
FORD,ASPIRE,PETROL,29060,2016,2nd Owner,1,7.6,475000,10
HONDA,CITY(2008-2011),PETROL,78000,2011,2nd Owner,0,6.9,375000,15
MAHINDRA,THAR,DIESEL,31745,2021,1st Owner,1,8,1591000,5
FORD,ECOSPORT,PETROL,60208,2017,1st Owner,1,8.1,687000,9
MARUTI SUZUKI,WAGON R 1.0,PETROL,22000,2010,1st Owner,0,7.7,195000,16
HYUNDAI,VERNA,DIESEL,82788,2014,2nd Owner,1,7.7,495000,12
TATA,HARRIER,DIESEL,16316,2019,1st Owner,1,8,1491000,7
TOYOTA,INNOVA CRYSTA,PETROL,43785,2017,1st Owner,1,7.6,1875000,9
TOYOTA,COROLLA ALTIS,PETROL,65242,2016,2nd Owner,1,7.8,1075000,10
SKODA,RAPID,DIESEL,72287,2017,1st Owner,1,8,729000,9
FORD,ASPIRE(2015_2018),PETROL,62659,2017,1st Owner,1,7.9,487000,9
MARUTI SUZUKI,CIAZ(2018-2020),PETROL,52058,2018,1st Owner,1,8,775000,8
HONDA,AMAZE,PETROL,19358,2020,1st Owner,1,8.1,687000,6
HONDA,CITY,PETROL,65000,2014,1st Owner,0,7.5,545000,12
HYUNDAI,GRAND I10,PETROL,62059,2016,1st Owner,1,8,467000,10
TATA,NEXON,PETROL,52613,2018,1st Owner,1,7.8,847000,8
HONDA,AMAZE,DIESEL,127000,2014,2nd Owner,0,7.6,350000,12
VOLKSWAGEN,VENTO,PETROL,70000,2011,1st Owner,0,7.6,275000,15
HYUNDAI,VERNA,PETROL,78000,2011,2nd Owner,0,7.4,355000,15
HONDA,AMAZE,PETROL,2015,2021,1st Owner,1,8.3,725000,5
HYUNDAI,I10,CNG,63000,2012,1st Owner,0,7.2,255000,14
MARUTI SUZUKI,ALTO K10,PETROL,60577,2015,1st Owner,1,7.4,373000,11
JEEP,COMPASS,DIESEL,68635,2018,1st Owner,1,7.7,1145000,8
HONDA,CITY,PETROL,67650,2017,1st Owner,1,7.8,795000,9
HONDA,JAZZ,PETROL,85000,2012,1st Owner,0,7.3,350000,14
TATA,TIAGO,PETROL,70000,2016,1st Owner,0,7.7,425000,10
JEEP,COMPASS,DIESEL,51654,2018,1st Owner,1,7.9,1277000,8
VOLKSWAGEN,POLO,PETROL,72000,2012,2nd Owner,0,7.7,350000,14
MAHINDRA,SCORPIO,DIESEL,73429,2014,1st Owner,1,7.5,500000,12
MAHINDRA,XUV500(2015_2017),DIESEL,64629,2017,1st Owner,1,7.9,837000,9
HONDA,WR V,PETROL,15468,2018,1st Owner,1,7.7,837000,8
HYUNDAI,VENUE,PETROL,33598,2019,1st Owner,1,7.6,1047000,7
MARUTI SUZUKI,VITARA BREZZA,DIESEL,69100,2017,1st Owner,1,7.9,675000,9
TATA,TIAGO,PETROL,58887,2016,1st Owner,0,7.8,380000,10
VOLKSWAGEN,VENTO,PETROL,46897,2011,1st Owner,0,7.2,350000,15
HONDA,CITY,PETROL,81617,2014,1st Owner,1,7.4,555000,12
MARUTI SUZUKI,SWIFT,PETROL,23389,2013,2nd Owner,1,7.7,395000,13
HYUNDAI,CRETA,PETROL,6141,2016,1st Owner,1,7.4,895000,10
MARUTI SUZUKI,VITARA BREZZA,DIESEL,84000,2017,1st Owner,0,8,655000,9
MARUTI SUZUKI,WAGON R 1.0,PETROL,62862,2018,1st Owner,1,8,465000,8
TATA,TIGOR,PETROL,53711,2018,1st Owner,1,7.7,567000,8
HYUNDAI,I20,PETROL,52764,2013,2nd Owner,1,7.5,365000,13
HYUNDAI,XCENT(2014-2017),PETROL,55951,2015,1st Owner,1,7.7,449000,11
TATA,NEXON,PETROL,31661,2019,1st Owner,1,8,743000,7
FORD,ECOSPORT,DIESEL,77953,2015,1st Owner,1,7.7,445000,11
AUDI,A6,PETROL,60000,2010,2nd Owner,0,6.5,675000,16
TOYOTA,ETIOS,DIESEL,55129,2014,1st Owner,1,7.6,455000,12
VOLKSWAGEN,POLO,PETROL,60000,2011,2nd Owner,0,7.3,255000,15
MARUTI SUZUKI,SWIFT,PETROL,60000,2013,1st Owner,0,7.8,355000,13
HYUNDAI,EON,PETROL,40000,2013,2nd Owner,0,7.2,225000,13
MARUTI SUZUKI,BALENO,PETROL,74878,2019,1st Owner,1,7.9,625000,7
MARUTI SUZUKI,BALENO,PETROL,37901,2015,2nd Owner,1,7.4,575000,11
TATA,NEXON,PETROL,10728,2020,1st Owner,1,7.9,965000,6
VOLKSWAGEN,POLO,CNG,66000,2012,1st Owner,0,7.3,365000,14
TATA,TIAGO,PETROL,33468,2019,1st Owner,1,7.7,537000,7
MAHINDRA,MARAZZO,DIESEL,40035,2018,1st Owner,1,7.6,997000,8
MARUTI SUZUKI,DZIRE,PETROL,22652,2018,1st Owner,1,7.8,773000,8
FORD,ECOSPORT,PETROL,80752,2015,1st Owner,1,7.6,725000,11
VOLKSWAGEN,POLO,PETROL,72000,2011,2nd Owner,0,7.6,299000,15
MARUTI SUZUKI,SWIFT,PETROL,67476,2019,1st Owner,1,8,545000,7
HONDA,JAZZ,PETROL,62000,2017,1st Owner,0,8,540000,9
VOLKSWAGEN,VENTO,PETROL,60000,2013,1st Owner,0,7.8,395000,13
TATA,TIAGO,PETROL,74130,2016,1st Owner,1,7.7,395000,10
RENAULT,KWID,PETROL,18586,2017,1st Owner,0,8,325000,9
MARUTI SUZUKI,WAGON R,CNG,40000,2012,1st Owner,0,7.6,275000,14
TATA,SAFARI,DIESEL,18426,2022,1st Owner,1,8.1,2495000,4
TOYOTA,ETIOS,DIESEL,48358,2014,1st Owner,1,7.9,485000,12
HONDA,CITY,PETROL,47644,2013,2nd Owner,1,7.6,395000,13
MAHINDRA,XUV500,DIESEL,33495,2017,1st Owner,1,8.1,877000,9
HYUNDAI,ELANTRA,PETROL,43000,2017,1st Owner,0,7.5,1187000,9
HONDA,CITY,PETROL,72372,2016,1st Owner,1,7.8,695000,10
JEEP,COMPASS,PETROL,70254,2017,1st Owner,1,7.5,1495000,9
HONDA,JAZZ,PETROL,66297,2016,1st Owner,1,8,495000,10
TOYOTA,ETIOS CROSS,PETROL,41500,2015,1st Owner,0,7.4,485000,11
NISSAN,MICRA ACTIVE,PETROL,30000,2017,1st Owner,0,8,450000,9
MARUTI SUZUKI,BALENO,PETROL,66000,2016,1st Owner,0,7.6,565000,10
HONDA,WR V,PETROL,66138,2017,1st Owner,1,7.7,750000,9
TOYOTA,FORTUNER,DIESEL,67863,2018,1st Owner,1,7.7,3175000,8
TOYOTA,COROLLA ALTIS,PETROL,70000,2012,1st Owner,0,7.7,475000,14
HYUNDAI,VERNA,PETROL,38634,2019,2nd Owner,1,7.8,825000,7
SKODA,OCTAVIA,PETROL,59257,2016,1st Owner,1,7.6,992000,10
TATA,TIGOR,PETROL,23609,2018,1st Owner,1,7.8,592000,8
HYUNDAI,I10,CNG,38000,2015,2nd Owner,0,7.5,355000,11
TOYOTA,FORTUNER,DIESEL,17341,2017,1st Owner,1,7.6,3295000,9
MARUTI SUZUKI,SWIFT,PETROL,19129,2019,1st Owner,1,7.8,545000,7
HYUNDAI,VENUE,PETROL,32999,2020,1st Owner,1,8,795000,6
JEEP,COMPASS,PETROL,28528,2020,1st Owner,1,7.9,1495000,6
HYUNDAI,GRAND I10,PETROL,61999,2017,1st Owner,1,7.7,485000,9
HONDA,CITY,PETROL,80165,2014,1st Owner,1,7.4,600000,12
FORD,ENDEAVOUR,DIESEL,127241,2018,1st Owner,0,8,2590000,8
MAHINDRA,SCORPIO,DIESEL,92441,2010,1st Owner,0,7.3,550000,16
MAHINDRA,BOLERO,DIESEL,70380,2015,1st Owner,1,7.6,650000,11
FORD,FIGO,DIESEL,75155,2011,1st Owner,0,7.4,190000,15
HYUNDAI,VERNA,DIESEL,84709,2013,1st Owner,1,7.5,600000,13
HYUNDAI,VERNA,PETROL,55691,2016,1st Owner,1,7.8,620000,10
VOLVO,XC 60,DIESEL,127038,2015,1st Owner,0,7.7,1820000,11
RENAULT,DUSTER,DIESEL,79151,2015,1st Owner,1,7.7,650000,11
MARUTI SUZUKI,CELERIO X(2020-2021),PETROL,51433,2020,1st Owner,1,7.8,599000,6
HYUNDAI,ELITE I20,PETROL,69782,2015,1st Owner,1,7.7,550000,11
SKODA,RAPID,DIESEL,46855,2015,1st Owner,1,7.8,700000,11
HYUNDAI,ELITE I20,DIESEL,71928,2018,1st Owner,1,8,850000,8
MARUTI SUZUKI,SWIFT,PETROL,41157,2019,1st Owner,1,7.8,745000,7
MARUTI SUZUKI,VITARA BREZZA,DIESEL,44865,2019,1st Owner,1,7.8,1025000,7
MARUTI SUZUKI,SWIFT,PETROL,63003,2017,1st Owner,1,7.8,620000,9
MARUTI SUZUKI,ALTO 800,PETROL,76777,2017,1st Owner,1,7.9,300000,9
TATA,ZEST,DIESEL,30329,2018,1st Owner,0,7.9,560000,8
HYUNDAI,CRETA,DIESEL,84718,2018,1st Owner,1,7.7,1190000,8
HONDA,CITY,DIESEL,89500,2014,1st Owner,0,7.3,600000,12
MARUTI SUZUKI,S CROSS,DIESEL,131000,2015,1st Owner,0,7.4,699000,11
MAHINDRA,THAR,DIESEL,26399,2021,1st Owner,1,7.9,1800000,5
HYUNDAI,GRAND I10(2017-2020),PETROL,46441,2018,1st Owner,1,8,560000,8
TATA,HARRIER,DIESEL,50939,2019,1st Owner,1,7.8,1650000,7
HONDA,CITY,DIESEL,85798,2016,1st Owner,1,7.6,675000,10
FORD,ECOSPORT,DIESEL,88962,2016,1st Owner,1,8.1,690000,10
HYUNDAI,EON,PETROL,85610,2014,1st Owner,1,7.3,330000,12
SKODA,OCTAVIA,PETROL,95870,2017,1st Owner,0,7.7,1600000,9
NISSAN,TERRANO,DIESEL,81000,2015,1st Owner,0,7.8,650000,11
MARUTI SUZUKI,SWIFT(2014_2018),PETROL,83766,2015,2nd Owner,1,7.7,525000,11
MARUTI SUZUKI,CELERIO,DIESEL,53708,2016,1st Owner,1,8.1,440000,10
MARUTI SUZUKI,S CROSS,DIESEL,61521,2017,1st Owner,1,7.7,849000,9
HYUNDAI,ELITE I20(2018-2019),DIESEL,74323,2018,1st Owner,1,8.1,760000,8
TOYOTA,INNOVA CRYSTA,DIESEL,89040,2016,1st Owner,1,7.4,1950000,10
SKODA,RAPID(2011-2014),DIESEL,90238,2013,1st Owner,1,7.4,450000,13
HONDA,CITY,PETROL,76886,2009,1st Owner,0,6.9,450000,17
HYUNDAI,EON,LPG,60179,2014,1st Owner,1,7.5,350000,12
MARUTI SUZUKI,CIAZ,DIESEL,61467,2017,1st Owner,1,8.1,750000,9
MARUTI SUZUKI,ALTO 800,PETROL,9313,2021,1st Owner,1,8.1,400000,5
MARUTI SUZUKI,VITARA BREZZA,DIESEL,59432,2019,1st Owner,1,7.8,975000,7
HYUNDAI,GRAND I10(2013-2017),PETROL,62499,2016,1st Owner,1,7.8,550000,10
HYUNDAI,ELITE I20(2018-2019),PETROL,23429,2018,1st Owner,1,7.8,720000,8
MARUTI SUZUKI,SWIFT DZIRE,DIESEL,91000,2009,1st Owner,0,7.5,320000,17
RENAULT,KWID,PETROL,30985,2018,1st Owner,1,7.7,430000,8
MARUTI SUZUKI,ALTO K10,PETROL,42396,2016,1st Owner,1,7.5,370000,10
HYUNDAI,I10,PETROL,88324,2015,1st Owner,1,7.6,540000,11
TATA,TIAGO,PETROL,54682,2018,1st Owner,1,7.8,600000,8
HONDA,CITY,PETROL,59524,2019,1st Owner,1,7.9,1050000,7
HYUNDAI,CRETA,PETROL,72000,2017,1st Owner,0,8.1,940000,9
MARUTI SUZUKI,SWIFT,DIESEL,116688,2013,1st Owner,0,7.5,470000,13
FORD,ASPIRE,PETROL,80166,2015,1st Owner,1,7.6,470000,11
HYUNDAI,ELITE I20,PETROL,44820,2018,1st Owner,1,7.9,720000,8
HONDA,CITY,PETROL,96000,2011,1st Owner,0,7,450000,15
MARUTI SUZUKI,SWIFT,DIESEL,82000,2018,1st Owner,0,7.9,650000,8
MARUTI SUZUKI,SWIFT DZIRE,DIESEL,81532,2017,1st Owner,1,7.9,810000,9
MARUTI SUZUKI,CELERIO,PETROL,28209,2014,1st Owner,1,7.3,430000,12
VOLKSWAGEN,AMEO,PETROL,87515,2016,1st Owner,0,7.7,550000,10
HONDA,CITY 5TH GEN,PETROL,31090,2021,1st Owner,1,7.8,1520000,5
HYUNDAI,EON,PETROL,55118,2016,1st Owner,1,7.6,320000,10
HYUNDAI,ELITE I20,PETROL,80522,2015,1st Owner,0,7.4,670000,11
MAHINDRA,XUV500,DIESEL,144518,2013,1st Owner,0,7.5,780000,13
MARUTI SUZUKI,CELERIO,PETROL,46125,2016,1st Owner,1,7.6,520000,10
HYUNDAI,GRAND I10 NIOS(2019-2023),PETROL,11535,2019,1st Owner,1,7.8,665000,7
HYUNDAI,CRETA,DIESEL,72177,2018,1st Owner,1,7.8,931000,8
MARUTI SUZUKI,VITARA BREZZA,DIESEL,66155,2018,1st Owner,1,8.1,775000,8
MARUTI SUZUKI,SWIFT,PETROL,58727,2016,1st Owner,1,7.7,455000,10
HYUNDAI,GRAND I10(2017-2020),PETROL,37804,2017,1st Owner,1,7.8,485000,9
HYUNDAI,GRAND I10(2017-2020),PETROL,48420,2017,1st Owner,1,7.9,421000,9
HYUNDAI,I20(2015-2017),DIESEL,93033,2015,2nd Owner,1,8,510000,11
MARUTI SUZUKI,ERTIGA,PETROL,40333,2021,1st Owner,1,8.3,1021000,5
HYUNDAI,GRAND I10,PETROL,57851,2019,2nd Owner,1,7.8,490000,7
RENAULT,KWID,PETROL,37911,2020,1st Owner,1,8.2,445000,6
MAHINDRA,TUV 300,DIESEL,88180,2020,1st Owner,1,8.3,845000,6
RENAULT,KWID,PETROL,88903,2017,1st Owner,1,7.9,330000,9
HYUNDAI,SANTRO(2018-2020),PETROL,63706,2020,1st Owner,1,8,481000,6
HYUNDAI,VERNA,DIESEL,84711,2018,1st Owner,1,7.7,1045000,8
MARUTI SUZUKI,WAGON R,PETROL,76065,2016,2nd Owner,0,7.7,401000,10
HONDA,AMAZE,PETROL,81128,2014,1st Owner,1,7.8,410000,12
SKODA,RAPID(2016-2020),PETROL,95579,2018,1st Owner,1,7.8,591000,8
RENAULT,KWID,PETROL,50239,2015,1st Owner,1,7.6,290000,11
RENAULT,KWID,PETROL,38511,2018,1st Owner,1,8.1,365000,8
MAHINDRA,SCORPIO,DIESEL,66203,2019,1st Owner,0,7.8,1245000,7
TATA,TIAGO,PETROL,13562,2017,1st Owner,1,8.1,391000,9
HYUNDAI,CRETA,DIESEL,68980,2020,1st Owner,1,7.9,1711000,6
MAHINDRA,SCORPIO,DIESEL,82068,2019,1st Owner,1,7.9,1650000,7
FORD,ASPIRE(2015_2018),PETROL,78533,2017,1st Owner,1,8,471000,9
MAHINDRA,XUV300,DIESEL,53309,2020,1st Owner,1,8,925000,6
MAHINDRA,BOLERO,DIESEL,56000,2012,2nd Owner,0,7.4,445000,14
MAHINDRA,BOLERO,DIESEL,65236,2018,1st Owner,1,8.1,765000,8
HONDA,AMAZE,PETROL,40431,2020,1st Owner,1,8.3,725000,6
MARUTI SUZUKI,WAGON R(2019-2022),PETROL,67000,2019,1st Owner,0,0,525000,7
TOYOTA,FORTUNER,DIESEL,98000,2015,3rd Owner,0,7.5,1751000,11
MARUTI SUZUKI,ERTIGA,CNG,14748,2021,1st Owner,1,8.1,1110000,5
MERCEDES BENZ,E-CLASS(2015-2017),DIESEL,67000,2016,1st Owner,0,7.6,2250000,10
SKODA,SUPERB,PETROL,67656,2017,1st Owner,1,7.5,1475000,9
MARUTI SUZUKI,VITARA BREZZA,DIESEL,54088,2019,1st Owner,1,7.8,925000,7
HONDA,CITY,PETROL,34499,2015,1st Owner,1,7.8,615000,11
MAHINDRA,XUV500(2011_2015),DIESEL,61319,2015,1st Owner,1,6.6,850000,11
MARUTI SUZUKI,ERTIGA(2018-2022),CNG,12017,2022,1st Owner,1,9.2,1165000,4
HYUNDAI,GRAND I10 NIOS,PETROL,4489,2021,1st Owner,1,9.3,791000,5
SKODA,SUPERB,DIESEL,107556,2012,2nd Owner,0,6.2,585000,14
HYUNDAI,CRETA,PETROL,24613,2019,2nd Owner,1,8.2,1275000,7
MARUTI SUZUKI,CIAZ,PETROL,66548,2017,1st Owner,1,8.1,625000,9
MARUTI SUZUKI,DZIRE,PETROL,34375,2020,1st Owner,1,8.8,791000,6
VOLKSWAGEN,TAIGUN,PETROL,26868,2021,1st Owner,1,9,1335000,5
HONDA,CITY,PETROL,67774,2015,1st Owner,1,7.8,675000,11
MARUTI SUZUKI,DZIRE(2017-2020),PETROL,13895,2020,1st Owner,1,8.9,811000,6
RENAULT,TRIBER,PETROL,18732,2022,1st Owner,1,9.3,711000,4
MARUTI SUZUKI,DZIRE,PETROL,38700,2020,1st Owner,1,8.8,775000,6
RENAULT,TRIBER,PETROL,16644,2021,1st Owner,1,9.2,711000,5
MARUTI SUZUKI,BALENO,PETROL,9789,2020,1st Owner,1,9,765000,6
TATA,ALTROZ,DIESEL,14203,2022,1st Owner,1,9.3,990000,4
MARUTI SUZUKI,SWIFT DZIRE,DIESEL,67000,2018,1st Owner,0,7.8,791000,8
MAHINDRA,THAR,DIESEL,9706,2022,1st Owner,1,9.2,1575000,4
HYUNDAI,VERNA,DIESEL,52176,2018,1st Owner,1,8.2,1045000,8
KIA,CARENS,DIESEL,13654,2022,1st Owner,1,8.8,1975000,4
JEEP,COMPASS(2021-2023),PETROL,11110,2021,1st Owner,1,9,1975000,5
HYUNDAI,VERNA,DIESEL,81167,2019,1st Owner,1,8.1,985000,7
MARUTI SUZUKI,DZIRE(2017_2020),PETROL,14720,2020,1st Owner,1,8.9,695000,6
KIA,CARENS,PETROL,9000,2022,1st Owner,0,8.8,1825000,4
TATA,HARRIER,DIESEL,16191,2021,1st Owner,1,8.7,2175000,5
HYUNDAI,AURA,PETROL,43228,2021,1st Owner,1,8.7,725000,5
TOYOTA,COROLLA ALTIS,PETROL,46726,2017,1st Owner,1,7.7,1250000,9
HYUNDAI,VENUE,PETROL,22487,2020,1st Owner,1,8.8,791000,6
RENAULT,DUSTER,DIESEL,36468,2014,1st Owner,1,7.2,510000,12
KIA,SONET,PETROL,15308,2022,1st Owner,1,8.9,950000,4
RENAULT,KWID,PETROL,17859,2017,1st Owner,1,8.1,345000,9
HYUNDAI,ALCAZAR(2021-2023),PETROL,9409,2021,1st Owner,1,8.7,2011000,5
JEEP,COMPASS,PETROL,35680,2018,1st Owner,1,7.8,1345000,8
HONDA,JAZZ,PETROL,28627,2016,1st Owner,1,7.7,625000,10
HYUNDAI,ALCAZAR(2021-2023),PETROL,22515,2022,1st Owner,1,8.8,2090000,4
VOLKSWAGEN,VENTO,PETROL,58140,2015,1st Owner,1,7.5,525000,11
TOYOTA,INNOVA CRYSTA,DIESEL,29789,2018,1st Owner,1,8,1990000,8
MAHINDRA,XUV500,DIESEL,59785,2019,1st Owner,1,7.9,1285000,7
TOYOTA,FORTUNER,DIESEL,96000,2013,2nd Owner,0,6.2,1475000,13
TATA,TIAGO,PETROL,31287,2019,1st Owner,1,8.7,585000,7
MAHINDRA,MARAZZO,DIESEL,21624,2019,1st Owner,1,8.1,1150000,7
MAHINDRA,XUV500,DIESEL,32295,2018,1st Owner,1,7.9,1475000,8
VOLKSWAGEN,POLO,PETROL,40600,2016,1st Owner,0,8.3,536000,10
MAHINDRA,THAR,DIESEL,29291,2019,2nd Owner,1,8.3,950000,7
RENAULT,KWID,PETROL,41657,2018,1st Owner,1,8.8,365000,8
HYUNDAI,GRAND I10,PETROL,75394,2015,1st Owner,1,8,475000,11
HONDA,JAZZ,PETROL,20831,2017,1st Owner,1,8.1,600000,9
HONDA,AMAZE,PETROL,43501,2018,1st Owner,1,8.3,475000,8
MAHINDRA,THAR,PETROL,32304,2021,1st Owner,1,8.3,1450000,5
HYUNDAI,VERNA,DIESEL,66030,2018,1st Owner,1,7.9,845000,8
MARUTI SUZUKI,ALTO 800,PETROL,68305,2016,1st Owner,1,8.2,305000,10
RENAULT,TRIBER,PETROL,44931,2020,1st Owner,1,8.7,590000,6
RENAULT,CAPTUR,DIESEL,72493,2018,1st Owner,1,7.8,695000,8
HYUNDAI,I10(2010_2017),PETROL,67000,2013,2nd Owner,0,7.3,345000,13
MERCEDES BENZ,E-CLASS(2009-2013),DIESEL,132565,2013,3rd Owner,0,5.8,1000000,13
VOLKSWAGEN,AMEO,DIESEL,66252,2018,1st Owner,1,7.9,693000,8
HYUNDAI,XCENT,DIESEL,64285,2015,1st Owner,1,7.8,486000,11
SKODA,KUSHAQ,PETROL,21006,2021,1st Owner,0,8.7,1245000,5
MARUTI SUZUKI,ALTO K10,PETROL,46936,2017,1st Owner,1,8.4,340000,9
KIA,SONET,DIESEL,61755,2020,1st Owner,1,8,925000,6
TATA,TIGOR,PETROL,31685,2017,1st Owner,0,8.1,450000,9
NISSAN,SUNNY,DIESEL,76787,2014,1st Owner,1,7.1,445000,12
MARUTI SUZUKI,DZIRE(2017-2020),PETROL,47117,2019,1st Owner,1,8.5,725000,7
MARUTI SUZUKI,WAGON R,PETROL,53250,2010,1st Owner,0,7.2,250000,16
HYUNDAI,ACCENT,PETROL,73680,2010,2nd Owner,0,6.8,140000,16
RENAULT,DUSTER,DIESEL,73414,2014,1st Owner,1,7.1,545000,12
HYUNDAI,ELITE I20,PETROL,66684,2019,1st Owner,1,8.2,665000,7
HYUNDAI,ELITE I20,PETROL,57317,2016,1st Owner,1,8,585000,10
FORD,ECOSPORT,PETROL,46049,2014,2nd Owner,1,7,475000,12
HYUNDAI,CRETA,DIESEL,68212,2015,1st Owner,1,7.1,870000,11
HONDA,JAZZ,PETROL,42490,2017,1st Owner,1,7.9,650000,9
HONDA,CITY,PETROL,99400,2014,1st Owner,0,7.5,560000,12
HYUNDAI,I10,PETROL,62557,2015,1st Owner,1,7.9,395000,11
FORD,ECOSPORT,DIESEL,43000,2013,1st Owner,0,7,510000,13
HYUNDAI,I10(2010_2017),PETROL,52381,2012,2nd Owner,0,7.3,341000,14
MARUTI SUZUKI,CELERIO,PETROL,8084,2022,1st Owner,1,9.2,596000,4
MARUTI SUZUKI,BALENO,PETROL,30380,2016,2nd Owner,1,7.8,545000,10
RENAULT,KWID,PETROL,70976,2017,1st Owner,1,8.2,356000,9
HYUNDAI,ELITE I20,PETROL,63412,2017,1st Owner,1,8.3,596000,9
RENAULT,KWID,PETROL,65823,2018,1st Owner,1,8.3,445000,8
MARUTI SUZUKI,S PRESSO,PETROL,12673,2020,1st Owner,1,8.8,485000,6
HYUNDAI,GRAND I10,PETROL,54259,2016,1st Owner,1,8.1,485000,10
HONDA,CITY,PETROL,83952,2012,1st Owner,0,6.7,455000,14
MARUTI SUZUKI,SWIFT,PETROL,71516,2015,1st Owner,1,8,485000,11
HYUNDAI,GRAND I10,PETROL,68660,2017,1st Owner,1,8.2,485000,9
HYUNDAI,SANTRO,PETROL,24302,2019,1st Owner,1,8.6,485000,7
MARUTI SUZUKI,DZIRE,PETROL,48366,2017,1st Owner,1,7.9,645000,9
HYUNDAI,VERNA(2017-2020),PETROL,24790,2020,1st Owner,1,8.5,1025000,6
TATA,NEXON,PETROL,46910,2018,2nd Owner,1,8,685000,8
HYUNDAI,CRETA,PETROL,49045,2017,1st Owner,1,7.7,845000,9
MARUTI SUZUKI,CELERIO,DIESEL,98554,2015,1st Owner,0,7.8,300000,11
HYUNDAI,I20,DIESEL,44779,2012,2nd Owner,0,7.2,250000,14
MARUTI SUZUKI,SWIFT DZIRE,PETROL,36212,2017,1st Owner,1,7.8,510000,9
MAHINDRA,XUV 500,DIESEL,80537,2017,1st Owner,1,8.1,1020000,9
MARUTI SUZUKI,SWIFT,PETROL,32227,2017,1st Owner,1,7.8,479000,9
HONDA,CITY,DIESEL,30954,2019,1st Owner,1,8,865000,7
MARUTI SUZUKI,BALENO,PETROL,43209,2017,1st Owner,1,7.7,520000,9
MARUTI SUZUKI,ALTO 800,PETROL,48221,2017,1st Owner,1,7.7,259000,9
HYUNDAI,VERNA,DIESEL,32956,2017,1st Owner,1,7.9,838000,9
MARUTI SUZUKI,VITARA BREZZA,DIESEL,51971,2019,1st Owner,1,8.1,750000,7
CHEVROLET,SPARK,PETROL,34522,2009,1st Owner,0,7.1,119000,17
MAHINDRA,BOLERO,DIESEL,45785,2015,2nd Owner,0,7.8,515000,11
HONDA,CITY 5TH GEN,PETROL,14353,2021,1st Owner,1,8,1250000,5
MARUTI SUZUKI,ZEN ESTILO,PETROL,30044,2010,1st Owner,0,7.2,175000,16
HONDA,JAZZ,PETROL,39253,2016,1st Owner,0,7.7,460000,10
MARUTI SUZUKI,SWIFT,PETROL,24841,2018,2nd Owner,1,7.8,539000,8
FORD,FIGO(2012-2015),DIESEL,85000,2012,1st Owner,0,7.7,167000,14
MARUTI SUZUKI,CIAZ,DIESEL,70067,2015,2nd Owner,1,7.6,400000,11
MAHINDRA,MARAZZO,DIESEL,29774,2020,1st Owner,1,7.9,1025000,6
AUDI,Q3,DIESEL,55000,2018,2nd Owner,0,7.7,2150000,8
MARUTI SUZUKI,CELERIO,PETROL,32455,2016,1st Owner,1,8,390000,10
HYUNDAI,VENUE,PETROL,39183,2020,1st Owner,1,7.9,840000,6
MAHINDRA,MARAZZO,DIESEL,19437,2021,1st Owner,1,8,1075000,5
MAHINDRA,XUV 500,DIESEL,68024,2018,1st Owner,1,7.9,1150000,8
MARUTI SUZUKI,BALENO,PETROL,41294,2020,1st Owner,1,8.3,625000,6
HONDA,CITY,PETROL,35796,2014,1st Owner,1,7.5,500000,12
MAHINDRA,BOLERO(2007-2011),DIESEL,99854,2011,1st Owner,0,7.8,235000,15
MAHINDRA,TUV 300,DIESEL,85600,2018,1st Owner,0,8.1,550000,8
MAHINDRA,XUV500,DIESEL,26781,2020,1st Owner,1,8.1,1550000,6
HONDA,MOBILIO,DIESEL,65766,2014,1st Owner,0,7.6,400000,12
HYUNDAI,GRAND I10,PETROL,42500,2015,1st Owner,0,8.1,350000,11
HYUNDAI,ELANTRA(2016-2019),DIESEL,22350,2019,1st Owner,1,7.9,1200000,7
NISSAN,TERRANO,DIESEL,84956,2014,3rd Owner,0,7.4,450000,12
MARUTI SUZUKI,ALTO,PETROL,88541,2008,1st Owner,0,7.5,120000,18
TATA,TIGOR(2018-2020),PETROL,31960,2018,1st Owner,1,8,330000,8
HYUNDAI,I10,PETROL,44680,2012,1st Owner,0,7.3,220000,14
HONDA,AMAZE,DIESEL,48079,2014,1st Owner,1,7.7,350000,12
MARUTI SUZUKI,ALTO K10,PETROL,99854,2010,1st Owner,0,7.3,175000,16
HYUNDAI,I20,PETROL,124551,2010,1st Owner,0,7.2,185000,16
MARUTI SUZUKI,ERTIGA,PETROL,55115,2014,1st Owner,1,7.6,460000,12
HYUNDAI,SANTRO XING,PETROL,65255,2011,1st Owner,0,7.3,165000,15
HONDA,AMAZE,PETROL,50114,2015,1st Owner,1,7.6,330000,11
HYUNDAI,I20,DIESEL,76098,2014,2nd Owner,1,7.6,350000,12
MAHINDRA,XYLO,DIESEL,85441,2009,1st Owner,0,7.6,200000,17
MARUTI SUZUKI,VITARA BREZZA,PETROL,48967,2020,1st Owner,1,8.2,800000,6
MARUTI SUZUKI,SWIFT,PETROL,65000,2014,1st Owner,0,8.1,315000,12
TATA,NEXON,PETROL,28234,2021,1st Owner,1,8,800000,5
MARUTI SUZUKI,BALENO,PETROL,31317,2017,1st Owner,1,7.9,549000,9
MARUTI SUZUKI,SWIFT,DIESEL,88541,2014,2nd Owner,0,7.5,340000,12
HYUNDAI,SANTRO XING,PETROL,95350,2008,1st Owner,0,7.4,100000,18
HYUNDAI,VERNA,PETROL,53000,2012,1st Owner,0,7.7,330000,14
MAHINDRA,XUV500(2011_2015),DIESEL,35170,2014,1st Owner,1,7.5,650000,12
HYUNDAI,GRAND I10,PETROL,46069,2018,1st Owner,1,7.9,450000,8
MARUTI SUZUKI,BALENO,PETROL,5814,2021,2nd Owner,1,8.1,650000,5
MARUTI SUZUKI,ERTIGA,DIESEL,48519,2013,1st Owner,1,7.5,490000,13
MAHINDRA,MARAZZO,DIESEL,62150,2018,2nd Owner,0,8.1,700000,8
NISSAN,TERRANO,DIESEL,70172,2015,1st Owner,0,8.1,450000,11
HYUNDAI,XCENT,PETROL,6520,2018,1st Owner,1,7.9,565000,8
MARUTI SUZUKI,SWIFT,PETROL,47120,2015,1st Owner,1,7.9,330000,11
MAHINDRA,KUV100,PETROL,34500,2016,1st Owner,0,8.1,325000,10
MAHINDRA,XUV500,DIESEL,75847,2012,1st Owner,0,7.7,450000,14
MARUTI SUZUKI,WAGON R,PETROL,47836,2018,1st Owner,1,8.3,450000,8
TATA,ALTROZ,PETROL,6445,2022,1st Owner,1,8.2,800000,4
MARUTI SUZUKI,ERTIGA,PETROL,62198,2016,1st Owner,1,7.7,450000,10
HYUNDAI,GRAND I10,PETROL,14978,2018,1st Owner,1,7.9,435000,8
MAHINDRA,SCORPIO,DIESEL,47991,2020,1st Owner,1,7.9,1150000,6
MARUTI SUZUKI,SWIFT,PETROL,103704,2013,1st Owner,0,7.9,270000,13
MAHINDRA,KUV100 NXT,DIESEL,68473,2018,1st Owner,1,8,325000,8
FORD,ECOSPORT,DIESEL,38585,2014,1st Owner,1,8.1,469000,12
HYUNDAI,GRAND I10,PETROL,34185,2016,1st Owner,1,7.7,400000,10
MARUTI SUZUKI,ALTO,PETROL,5512,2015,1st Owner,1,7.7,225000,11
HYUNDAI,EON,PETROL,31348,2017,2nd Owner,1,7.8,200000,9
TATA,SAFARI,DIESEL,45459,2022,1st Owner,1,8.2,1850000,4
KIA,SONET,DIESEL,45303,2021,1st Owner,1,8.3,1325000,5
BMW,X1,DIESEL,94711,2016,1st Owner,0,7,2390000,10
SKODA,OCTAVIA,PETROL,29932,2019,1st Owner,1,8,2290000,7
MERCEDES BENZ,CLA,DIESEL,74700,2019,1st Owner,0,7.7,2490000,7
HYUNDAI,CRETA,PETROL,28264,2021,1st Owner,1,8.7,1025000,5
MERCEDES BENZ,ML CLASS,DIESEL,114736,2015,1st Owner,0,6.7,3190000,11
KIA,SELTOS,DIESEL,44354,2019,1st Owner,0,8,1525000,7
JEEP,COMPASS,DIESEL,9109,2019,1st Owner,1,8.3,1890000,7
HYUNDAI,VERNA,DIESEL,72637,2016,2nd Owner,1,7.3,695000,10
JEEP,WRANGLER,DIESEL,94220,2017,1st Owner,1,7.2,1300000,9
TOYOTA,COROLLA ALTIS,CNG,57847,2009,1st Owner,0,5.8,395000,17
AUDI,A3(2014-2017),DIESEL,42840,2015,1st Owner,0,7.4,2190000,11
HONDA,BR V,DIESEL,43921,2016,1st Owner,1,7.4,790000,10
KIA,SELTOS,PETROL,3850,2021,1st Owner,1,8.8,1490000,5
TOYOTA,URBAN CRUISER,PETROL,24009,2021,1st Owner,1,8.7,940000,5
SKODA,OCTAVIA,PETROL,41524,2019,1st Owner,1,8.1,2190000,7
MARUTI SUZUKI,RITZ,DIESEL,44182,2015,1st Owner,1,7.8,490000,11
RENAULT,KIGER(2022-2023),PETROL,37726,2022,1st Owner,1,8.6,675000,4
HONDA,AMAZE,PETROL,51754,2019,1st Owner,1,8.2,625000,7
KIA,SELTOS,PETROL,17357,2021,1st Owner,1,8.8,1390000,5
KIA,SELTOS,DIESEL,30380,2021,1st Owner,1,8.4,1650000,5
KIA,CARENS,PETROL,16277,2022,1st Owner,1,8.8,1790000,4
ISUZU,V CROSS,DIESEL,75212,2016,1st Owner,1,7.5,1490000,10
KIA,SONET,DIESEL,53794,2020,1st Owner,1,8,1225000,6
HYUNDAI,SANTRO(2020-2023),PETROL,4532,2022,1st Owner,1,9.2,575000,4
MAHINDRA,THAR,DIESEL,55735,2021,1st Owner,1,8.3,1590000,5
MG,ASTOR,PETROL,8412,2022,1st Owner,1,8.8,1425000,4
MAHINDRA,SCORPIO CLASSIC,DIESEL,49413,2022,1st Owner,1,8.4,1900000,4
HONDA,BR V,PETROL,100000,2017,1st Owner,0,7,500000,9
MARUTI SUZUKI,ERTIGA(2015-2018),DIESEL,23796,2015,1st Owner,1,7.5,899000,11
TOYOTA,INNOVA CRYSTA,DIESEL,85002,2018,1st Owner,1,7.4,1950000,8
TATA,TIAGO,CNG,4439,2022,1st Owner,1,9.1,590000,4
MAHINDRA,XUV500,DIESEL,144000,2018,1st Owner,0,6.4,1050000,8
MARUTI SUZUKI,S-CROSS(2017-2020),DIESEL,67852,2019,1st Owner,1,8,850000,7
HYUNDAI,VENUE(2020-2022),PETROL,21721,2021,1st Owner,1,8.7,990000,5
FORD,ECOSPORT,DIESEL,46541,2016,1st Owner,1,7.8,690000,10
KIA,SELTOS,DIESEL,59633,2020,1st Owner,1,8,1650000,6
KIA,SELTOS,PETROL,62701,2019,1st Owner,1,7.9,1490000,7
MAHINDRA,THAR,PETROL,15473,2021,1st Owner,1,8.8,1525000,5
HONDA,JAZZ,PETROL,21664,2021,1st Owner,1,8.7,775000,5
MAHINDRA,XUV300,PETROL,36884,2021,1st Owner,1,8.5,990000,5
JEEP,COMPASS(2020-2021),PETROL,21829,2020,1st Owner,1,8.4,1675000,6
MAHINDRA,XUV700,PETROL,14954,2022,2nd Owner,1,8.4,2350000,4
HYUNDAI,ELITE I20(2020-2020),PETROL,42918,2020,1st Owner,1,8.3,715000,6
HYUNDAI,XCENT(2017-2020),PETROL,78910,2019,1st Owner,0,7.8,500000,7
MAHINDRA,SCORPIO(2009-2014),DIESEL,76000,2013,1st Owner,0,6.8,575000,13
MARUTI SUZUKI,VITARA BREZZA,DIESEL,80120,2018,1st Owner,0,7.4,771000,8
HONDA,CITY,DIESEL,77500,2014,2nd Owner,0,6.8,499000,12
